system,n,m,seed,run_type,init_kind,objective,initial_required_gain,best_required_gain,final_required_gain,min_pairwise_distance,max_pairwise_distance,steps_run,restart_count,converged,stopped_reason,system_label,reported_value
Cycle,4,1,0.0,random_optimization,random_gaussian,generic,4.315996449900963,2.41503098280852,2.422546296716846,1.0,3.4134903094624325,15000,0,False,max_steps,Cycle,exact hard gain
Cycle,4,1,1.0,random_optimization,random_gaussian,generic,9.85211992490204,2.4149944072256506,2.4225462967168463,1.0,3.4163133592791413,15000,0,False,max_steps,Cycle,exact hard gain
Cycle,4,1,2.0,random_optimization,random_gaussian,generic,9.230472106503598,1.842976096323253,1.8495760559281005,1.0000000000000002,6.147579814195392,15000,0,False,max_steps,Cycle,exact hard gain
Cycle,4,1,3.0,random_optimization,random_gaussian,generic,8.18465624197915,1.8430285839226408,1.8495760559281007,1.0,6.146281754593099,15000,0,False,max_steps,Cycle,exact hard gain
Cycle,4,1,4.0,random_optimization,random_gaussian,generic,6.254221867031982,2.4161827684417827,2.422546296716849,1.0,3.4161827684417827,15000,0,False,max_steps,Cycle,exact hard gain
Cycle,4,1,5.0,random_optimization,random_gaussian,generic,26.80395761024161,2.4157488064189083,2.422546296716848,1.0,3.4129931175875754,15000,0,False,max_steps,Cycle,exact hard gain
Cycle,4,1,6.0,random_optimization,random_gaussian,generic,8.783142278868471,2.4158509009248004,2.4225462967168494,1.0,3.4158509009248004,15000,0,False,max_steps,Cycle,exact hard gain
Cycle,4,1,7.0,random_optimization,random_gaussian,generic,12.827742407690298,1.8413311328318185,1.8495760559281005,1.0,6.174720593448319,15000,0,False,max_steps,Cycle,exact hard gain
Cycle,4,1,8.0,random_optimization,random_gaussian,generic,10.518739180931824,1.844909427105032,1.8495760559281005,1.0,6.1613196113368085,15000,0,False,max_steps,Cycle,exact hard gain
Cycle,4,1,9.0,random_optimization,random_gaussian,generic,6.196904734046946,1.0022480814457853,1.0022480805719036,1.0,446.8237415403241,15000,0,False,max_steps,Cycle,exact hard gain
Cycle,4,2,0.0,random_optimization,random_gaussian,generic,2.3797525048703694,1.0012966332332789,1.0012966326557136,1.0,19.750993422046413,15000,0,False,max_steps,Cycle,exact hard gain
Cycle,4,2,1.0,random_optimization,random_gaussian,generic,1.8182935771913464,1.0012630666896378,1.0012630661853394,1.0000000000000002,19.99794765247489,15000,0,False,max_steps,Cycle,exact hard gain
Cycle,4,2,2.0,random_optimization,random_gaussian,generic,2.5461223044496246,1.0000000006099723,1.0000000006099723,1.0,1.4142135638915023,402,0,True,gain_one_reached,Cycle,exact hard gain
Cycle,4,2,3.0,random_optimization,random_gaussian,generic,3.171855270451651,1.0000000009040106,1.0000000009040106,0.9999999999999998,1.41421356415199,410,0,True,gain_one_reached,Cycle,exact hard gain
Cycle,4,2,4.0,random_optimization,random_gaussian,generic,5.6031632828639,1.0013167828111635,1.0013167825766436,0.9999999999999992,19.59818412998129,15000,0,False,max_steps,Cycle,exact hard gain
Cycle,4,2,5.0,random_optimization,random_gaussian,generic,2.234449285222452,1.001186134528017,1.001186134133293,0.9999999999999996,20.6487903565737,15000,0,False,max_steps,Cycle,exact hard gain
Cycle,4,2,6.0,random_optimization,random_gaussian,generic,1.2563946162930475,1.0010908833091687,1.001090883168659,0.9999999999999998,21.45106267054802,15000,0,False,max_steps,Cycle,exact hard gain
Cycle,4,2,7.0,random_optimization,random_gaussian,generic,4.450417950697359,1.0000000000513465,1.0000000000513465,1.0,1.414213562454195,488,0,True,gain_one_reached,Cycle,exact hard gain
Cycle,4,2,8.0,random_optimization,random_gaussian,generic,1.6632788923743371,1.0012641306206538,1.0012641304140704,0.9999999999999996,20.00741314278728,15000,0,False,max_steps,Cycle,exact hard gain
Cycle,4,2,9.0,random_optimization,random_gaussian,generic,3.240180604492972,1.0013453287088454,1.0013453283468992,0.999999999999999,19.33234719795027,15000,0,False,max_steps,Cycle,exact hard gain
Cycle,4,3,0.0,random_optimization,random_gaussian,generic,1.6378261043361375,1.0000000003674223,1.0000000003674223,1.0,3.0909406756522086,387,0,True,gain_one_reached,Cycle,exact hard gain
Cycle,4,3,1.0,random_optimization,random_gaussian,generic,3.253025144527263,1.0000000008017491,1.0000000008017491,1.0,1.1266514058794488,391,0,True,gain_one_reached,Cycle,exact hard gain
Cycle,4,3,2.0,random_optimization,random_gaussian,generic,1.7962905170555252,1.0000000005912546,1.0000000005912546,0.9999999999999998,1.7886676215843715,367,0,True,gain_one_reached,Cycle,exact hard gain
Cycle,4,3,3.0,random_optimization,random_gaussian,generic,2.0579290723514827,1.0000000003103269,1.0000000003103269,1.0,1.2188287953368184,389,0,True,gain_one_reached,Cycle,exact hard gain
Cycle,4,3,4.0,random_optimization,random_gaussian,generic,1.5353523495940875,1.0000000009342225,1.0000000009342225,1.0,1.9087224238259533,366,0,True,gain_one_reached,Cycle,exact hard gain
Cycle,4,3,5.0,random_optimization,random_gaussian,generic,2.41044064127618,1.0000000004865126,1.0000000004865126,1.0,1.4411689167702797,393,0,True,gain_one_reached,Cycle,exact hard gain
Cycle,4,3,6.0,random_optimization,random_gaussian,generic,2.7981914363401668,1.0000000006148244,1.0000000006148244,1.0000000000000002,1.2446268698717624,377,0,True,gain_one_reached,Cycle,exact hard gain
Cycle,4,3,7.0,random_optimization,random_gaussian,generic,1.907906472388652,1.0000000003949296,1.0000000003949296,1.0,3.109795738390845,442,0,True,gain_one_reached,Cycle,exact hard gain
Cycle,4,3,8.0,random_optimization,random_gaussian,generic,2.833647597518453,1.0000000009588847,1.0000000009588847,1.0,1.0794504436912615,388,0,True,gain_one_reached,Cycle,exact hard gain
Cycle,4,3,9.0,random_optimization,random_gaussian,generic,1.7452276172098695,1.0000000008497214,1.0000000008497214,1.0,1.1569818991469245,365,0,True,gain_one_reached,Cycle,exact hard gain
AdjacentSwap,4,1,0.0,random_optimization,random_gaussian,generic,3.8247172547191135,2.6197750441548164,2.6249626305442515,1.0,4.234477791086819,15000,0,False,max_steps,Adjacent transpositions,exact hard gain
AdjacentSwap,4,1,1.0,random_optimization,random_gaussian,generic,14.978825196222434,2.6189378022631864,2.6249626305442533,1.0,4.237820176184687,15000,0,False,max_steps,Adjacent transpositions,exact hard gain
AdjacentSwap,4,1,2.0,random_optimization,random_gaussian,generic,10.230472106503598,2.0000000006033822,2.000000000000004,1.0,3.000000001198792,15000,0,False,max_steps,Adjacent transpositions,exact hard gain
AdjacentSwap,4,1,3.0,random_optimization,random_gaussian,generic,9.18465624197915,2.0000000005493392,2.000000000000003,1.0,3.00000000109105,15000,0,False,max_steps,Adjacent transpositions,exact hard gain
AdjacentSwap,4,1,4.0,random_optimization,random_gaussian,generic,3.989163535778524,2.207250599102858,2.208632597918077,1.0000000000000002,5.870058263736849,15000,0,False,max_steps,Adjacent transpositions,exact hard gain
AdjacentSwap,4,1,5.0,random_optimization,random_gaussian,generic,27.80395761024161,2.6189958662684987,2.624962630544253,1.0,4.238673826033701,15000,0,False,max_steps,Adjacent transpositions,exact hard gain
AdjacentSwap,4,1,6.0,random_optimization,random_gaussian,generic,5.799716014698505,2.2079671117911626,2.208632597918077,1.0,5.820669634968198,15000,0,False,max_steps,Adjacent transpositions,exact hard gain
AdjacentSwap,4,1,7.0,random_optimization,random_gaussian,generic,11.827742407690298,2.00355815275304,2.0127891751626894,1.0,3.012243681712925,15000,0,False,max_steps,Adjacent transpositions,exact hard gain
AdjacentSwap,4,1,8.0,random_optimization,random_gaussian,generic,19.98430124076032,2.000000000534569,2.000000000000001,1.0,3.000000001021057,15000,0,False,max_steps,Adjacent transpositions,exact hard gain
AdjacentSwap,4,1,9.0,random_optimization,random_gaussian,generic,7.768647102375672,2.415090323131525,2.4204429110119032,1.0,5.820489092563541,15000,0,False,max_steps,Adjacent transpositions,exact hard gain
AdjacentSwap,4,2,0.0,random_optimization,random_gaussian,generic,1.775399896874295,1.275236510214886,1.2778328133120502,1.0,1.6180567264567065,15000,0,False,max_steps,Adjacent transpositions,exact hard gain
AdjacentSwap,4,2,1.0,random_optimization,random_gaussian,generic,1.8309715810880964,1.2725428163982544,1.2729591383843246,1.0,1.6179901328910071,15000,0,False,max_steps,Adjacent transpositions,exact hard gain
AdjacentSwap,4,2,2.0,random_optimization,random_gaussian,generic,2.4960748214415664,1.2762072823711186,1.2778328133120502,1.0,1.6178098699988386,15000,0,False,max_steps,Adjacent transpositions,exact hard gain
AdjacentSwap,4,2,3.0,random_optimization,random_gaussian,generic,2.274305560972083,1.2764661456362123,1.2778328133120502,1.0,1.6149480967773673,15000,0,False,max_steps,Adjacent transpositions,exact hard gain
AdjacentSwap,4,2,4.0,random_optimization,random_gaussian,generic,5.275576643203396,1.275317417778452,1.2778328133120505,1.0,1.6160050777561443,15000,0,False,max_steps,Adjacent transpositions,exact hard gain
AdjacentSwap,4,2,5.0,random_optimization,random_gaussian,generic,2.760092875223966,1.2754100847090843,1.277832813312051,1.0000000000000002,1.6246611373059408,15000,0,False,max_steps,Adjacent transpositions,exact hard gain
AdjacentSwap,4,2,6.0,random_optimization,random_gaussian,generic,2.994551556888267,1.2726115403892355,1.2729591383843244,1.0,1.6178069932291534,15000,0,False,max_steps,Adjacent transpositions,exact hard gain
AdjacentSwap,4,2,7.0,random_optimization,random_gaussian,generic,5.447506081820238,1.2739311660248265,1.2778328133120511,1.0,1.617205665372951,15000,0,False,max_steps,Adjacent transpositions,exact hard gain
AdjacentSwap,4,2,8.0,random_optimization,random_gaussian,generic,1.8910689182609275,1.272743412011214,1.2729591383843242,1.0000000000000002,1.6169617926016076,15000,0,False,max_steps,Adjacent transpositions,exact hard gain
AdjacentSwap,4,2,9.0,random_optimization,random_gaussian,generic,2.673051551984343,1.2729100100946371,1.2729591383843248,1.0,1.617302799968479,15000,0,False,max_steps,Adjacent transpositions,exact hard gain
AdjacentSwap,4,3,0.0,random_optimization,random_gaussian,generic,1.601960013301587,1.0000000008156145,1.0000000008156145,1.0000000000000002,1.0000000013452015,372,0,True,gain_one_reached,Adjacent transpositions,exact hard gain
AdjacentSwap,4,3,1.0,random_optimization,random_gaussian,generic,3.235721157687977,1.0000000007315293,1.0000000007315293,1.0,1.0000000013684176,390,0,True,gain_one_reached,Adjacent transpositions,exact hard gain
AdjacentSwap,4,3,2.0,random_optimization,random_gaussian,generic,2.9931778408918994,1.000000000096201,1.000000000096201,1.0,1.0000000001673466,416,0,True,gain_one_reached,Adjacent transpositions,exact hard gain
AdjacentSwap,4,3,3.0,random_optimization,random_gaussian,generic,2.548067933767244,1.000000000108366,1.000000000108366,1.0,1.000000000108366,425,0,True,gain_one_reached,Adjacent transpositions,exact hard gain
AdjacentSwap,4,3,4.0,random_optimization,random_gaussian,generic,2.40971762889744,1.0000000007227623,1.0000000007227623,1.0000000000000002,1.000000000843554,383,0,True,gain_one_reached,Adjacent transpositions,exact hard gain
AdjacentSwap,4,3,5.0,random_optimization,random_gaussian,generic,3.7323942508776926,1.0000000004679448,1.0000000004679448,0.9999999999999998,1.0000000008752858,416,0,True,gain_one_reached,Adjacent transpositions,exact hard gain
AdjacentSwap,4,3,6.0,random_optimization,random_gaussian,generic,3.3833716999506414,1.0000000000930784,1.0000000000930784,1.0,1.0000000001436946,422,0,True,gain_one_reached,Adjacent transpositions,exact hard gain
AdjacentSwap,4,3,7.0,random_optimization,random_gaussian,generic,2.395690323585639,1.0000000003642548,1.0000000003642548,0.9999999999999998,1.000000000996507,432,0,True,gain_one_reached,Adjacent transpositions,exact hard gain
AdjacentSwap,4,3,8.0,random_optimization,random_gaussian,generic,2.385963411906629,1.0000000008400816,1.0000000008400816,1.0,1.0000000010770898,400,0,True,gain_one_reached,Adjacent transpositions,exact hard gain
AdjacentSwap,4,3,9.0,random_optimization,random_gaussian,generic,2.139585706357458,1.0000000009164736,1.0000000009164736,1.0,1.000000002322568,376,0,True,gain_one_reached,Adjacent transpositions,exact hard gain
AllSwap,4,1,0.0,random_optimization,random_gaussian,generic,3.8247172547191135,2.619079542696048,2.624946759201734,1.0,4.230658555614065,15000,0,False,max_steps,Complete transpositions,exact hard gain
AllSwap,4,1,1.0,random_optimization,random_gaussian,generic,14.978825196222434,2.61956200007792,2.624946759201737,1.0,4.230913661321093,15000,0,False,max_steps,Complete transpositions,exact hard gain
AllSwap,4,1,2.0,random_optimization,random_gaussian,generic,10.230472106503598,2.61906479428559,2.624946759201736,1.0,4.2307884056124525,15000,0,False,max_steps,Complete transpositions,exact hard gain
AllSwap,4,1,3.0,random_optimization,random_gaussian,generic,9.18465624197915,2.620569243452071,2.624946759201737,1.0,4.235454245816467,15000,0,False,max_steps,Complete transpositions,exact hard gain
AllSwap,4,1,4.0,random_optimization,random_gaussian,generic,3.989163535778524,2.619193798212429,2.624946759201737,1.0,4.238025604170023,15000,0,False,max_steps,Complete transpositions,exact hard gain
AllSwap,4,1,5.0,random_optimization,random_gaussian,generic,27.80395761024161,2.6194930966022323,2.6249467592017384,1.0,4.230863348404542,15000,0,False,max_steps,Complete transpositions,exact hard gain
AllSwap,4,1,6.0,random_optimization,random_gaussian,generic,5.799716014698505,2.6187703446452013,2.6249467592017366,1.0,4.237091433929993,15000,0,False,max_steps,Complete transpositions,exact hard gain
AllSwap,4,1,7.0,random_optimization,random_gaussian,generic,12.827742407690298,2.6194766976386594,2.624946759201737,1.0,4.230808231932992,15000,0,False,max_steps,Complete transpositions,exact hard gain
AllSwap,4,1,8.0,random_optimization,random_gaussian,generic,20.98430124076032,2.6194596539934856,2.624946759201737,1.0,4.230935081395792,15000,0,False,max_steps,Complete transpositions,exact hard gain
AllSwap,4,1,9.0,random_optimization,random_gaussian,generic,7.768647102375672,2.619031560017708,2.624946759201736,1.0,4.2378009346427925,15000,0,False,max_steps,Complete transpositions,exact hard gain
AllSwap,4,2,0.0,random_optimization,random_gaussian,generic,2.3797525048703694,1.4142135627974202,1.414213562373097,1.0,1.4142135627974202,15000,0,False,max_steps,Complete transpositions,exact hard gain
AllSwap,4,2,1.0,random_optimization,random_gaussian,generic,3.13987854949986,1.414213562589116,1.4142135623730967,1.0,1.414213562589116,15000,0,False,max_steps,Complete transpositions,exact hard gain
AllSwap,4,2,2.0,random_optimization,random_gaussian,generic,2.4960748214415664,1.7320508078914214,1.73205080756888,1.0,1.732050807918652,15000,0,False,max_steps,Complete transpositions,exact hard gain
AllSwap,4,2,3.0,random_optimization,random_gaussian,generic,3.171855270451651,1.7320508081198496,1.73205080756888,1.0,1.7320508084354898,15000,0,False,max_steps,Complete transpositions,exact hard gain
AllSwap,4,2,4.0,random_optimization,random_gaussian,generic,5.603163282863899,1.4142135628654804,1.4142135623730971,1.0,1.4142135628654804,15000,0,False,max_steps,Complete transpositions,exact hard gain
AllSwap,4,2,5.0,random_optimization,random_gaussian,generic,3.18900901091484,1.7320508082464878,1.73205080756888,1.0,1.7320508082464876,15000,0,False,max_steps,Complete transpositions,exact hard gain
AllSwap,4,2,6.0,random_optimization,random_gaussian,generic,2.9945515568882666,1.4142135631081338,1.4142135623730971,1.0,1.4142135631081338,15000,0,False,max_steps,Complete transpositions,exact hard gain
AllSwap,4,2,7.0,random_optimization,random_gaussian,generic,5.991090710839922,1.7320508084280413,1.7320508075688792,0.9999999999999998,1.7320508084280408,15000,0,False,max_steps,Complete transpositions,exact hard gain
AllSwap,4,2,8.0,random_optimization,random_gaussian,generic,2.107454727815396,1.4142135628171395,1.414213562373096,1.0,1.4142135628171395,15000,0,False,max_steps,Complete transpositions,exact hard gain
AllSwap,4,2,9.0,random_optimization,random_gaussian,generic,2.673051551984343,1.4142135630078685,1.4142135623730987,0.9999999999999998,1.4142135630078685,15000,0,False,max_steps,Complete transpositions,exact hard gain
AllSwap,4,3,0.0,random_optimization,random_gaussian,generic,2.081382827178598,1.000000000982801,1.000000000982801,1.0,1.0000000010465149,374,0,True,gain_one_reached,Complete transpositions,exact hard gain
AllSwap,4,3,1.0,random_optimization,random_gaussian,generic,3.2530251445272635,1.0000000007026697,1.0000000007026697,1.0,1.0000000007026693,385,0,True,gain_one_reached,Complete transpositions,exact hard gain
AllSwap,4,3,2.0,random_optimization,random_gaussian,generic,2.9931778408918994,1.0000000002096037,1.0000000002096037,1.0,1.0000000002096037,407,0,True,gain_one_reached,Complete transpositions,exact hard gain
AllSwap,4,3,3.0,random_optimization,random_gaussian,generic,2.548067933767243,1.000000000418752,1.000000000418752,1.0000000000000002,1.0000000004187524,380,0,True,gain_one_reached,Complete transpositions,exact hard gain
AllSwap,4,3,4.0,random_optimization,random_gaussian,generic,2.40971762889744,1.0000000006904706,1.0000000006904706,1.0,1.0000000006904706,388,0,True,gain_one_reached,Complete transpositions,exact hard gain
AllSwap,4,3,5.0,random_optimization,random_gaussian,generic,4.605365230349549,1.0000000003673937,1.0000000003673937,0.9999999999999998,1.0000000003673934,412,0,True,gain_one_reached,Complete transpositions,exact hard gain
AllSwap,4,3,6.0,random_optimization,random_gaussian,generic,3.3833716999506414,1.0000000003728904,1.0000000003728904,1.0,1.000000000374417,401,0,True,gain_one_reached,Complete transpositions,exact hard gain
AllSwap,4,3,7.0,random_optimization,random_gaussian,generic,2.395690323585639,1.0000000003984593,1.0000000003984593,1.0,1.0000000003984593,409,0,True,gain_one_reached,Complete transpositions,exact hard gain
AllSwap,4,3,8.0,random_optimization,random_gaussian,generic,3.3089894930843173,1.0000000007111614,1.0000000007111614,1.0,1.0000000007111614,378,0,True,gain_one_reached,Complete transpositions,exact hard gain
AllSwap,4,3,9.0,random_optimization,random_gaussian,generic,3.21213674272218,1.000000000785951,1.000000000785951,1.0,1.000000000785951,391,0,True,gain_one_reached,Complete transpositions,exact hard gain
Cycle,6,1,0.0,random_optimization,random_gaussian,generic,9.359578849677138,1.623846882743118,1.623846882501324,1.0,3788.079135092181,15000,0,False,max_steps,Cycle,exact hard gain
Cycle,6,1,1.0,random_optimization,random_gaussian,generic,17.955111377873738,2.2649437375004524,2.271172759094134,1.0,9.03177739430794,15000,0,False,max_steps,Cycle,exact hard gain
Cycle,6,1,2.0,random_optimization,random_gaussian,generic,9.2304721065036,2.212028925784595,2.2179464610748547,0.9999999999999998,10.647847549922748,15000,0,False,max_steps,Cycle,exact hard gain
Cycle,6,1,3.0,random_optimization,random_gaussian,generic,17.63126129270382,1.890136778670673,1.890943916547449,1.0,8.443854724404439,15000,0,False,max_steps,Cycle,exact hard gain
Cycle,6,1,4.0,random_optimization,random_gaussian,generic,6.064554956966469,2.7857316280493225,2.795647575000708,1.0,18.63950008418008,15000,0,False,max_steps,Cycle,exact hard gain
Cycle,6,1,5.0,random_optimization,random_gaussian,generic,26.80395761024161,3.060192582180822,3.070035591522396,1.0,18.7963172835556,15000,0,False,max_steps,Cycle,exact hard gain
Cycle,6,1,6.0,random_optimization,random_gaussian,generic,7.418540124430629,2.3561204083511416,2.359599334558287,1.0,12.728583749709925,15000,0,False,max_steps,Cycle,exact hard gain
Cycle,6,1,7.0,random_optimization,random_gaussian,generic,12.827742407690293,2.354800758887675,2.364731268592068,1.0,14.639930607719844,15000,0,False,max_steps,Cycle,exact hard gain
Cycle,6,1,8.0,random_optimization,random_gaussian,generic,43.65437706035124,1.79551210718446,1.7991354190661095,1.0,7.247776312590722,15000,0,False,max_steps,Cycle,exact hard gain
Cycle,6,1,9.0,random_optimization,random_gaussian,generic,53.70567282573556,2.260600716236968,2.264804783603743,1.0,8.581491905522645,15000,0,False,max_steps,Cycle,exact hard gain
Cycle,6,2,0.0,random_optimization,random_gaussian,generic,3.6614699238608415,1.0042458484633685,1.0042458482636811,0.9999999999999892,234.0733600062132,15000,0,False,max_steps,Cycle,exact hard gain
Cycle,6,2,1.0,random_optimization,random_gaussian,generic,4.823789998856683,1.0045562334845028,1.004556233126766,1.0000000000000084,216.54602876061668,15000,0,False,max_steps,Cycle,exact hard gain
Cycle,6,2,2.0,random_optimization,random_gaussian,generic,7.919249777217338,1.0026602959276585,1.002660294980113,1.0000000000000004,194.1273874878748,15000,0,False,max_steps,Cycle,exact hard gain
Cycle,6,2,3.0,random_optimization,random_gaussian,generic,8.132603863003068,1.004737895428723,1.004737894681501,1.0000000000000018,211.96939458854592,15000,0,False,max_steps,Cycle,exact hard gain
Cycle,6,2,4.0,random_optimization,random_gaussian,generic,2.704781240076418,1.004070190997526,1.0040701909266818,1.0000000000000036,242.12526575212007,15000,0,False,max_steps,Cycle,exact hard gain
Cycle,6,2,5.0,random_optimization,random_gaussian,generic,110.4906554281625,1.4198457241423008,1.4205091776965515,1.0000000000000002,3.947121318273634,15000,0,False,max_steps,Cycle,exact hard gain
Cycle,6,2,6.0,random_optimization,random_gaussian,generic,2.8029177398766527,1.0041823270402506,1.0041823266863792,0.9999999999999984,214.00784869596075,15000,0,False,max_steps,Cycle,exact hard gain
Cycle,6,2,7.0,random_optimization,random_gaussian,generic,3.8053855671553904,1.0028432205145723,1.0028432198691566,0.9999999999999972,200.3793144199716,15000,0,False,max_steps,Cycle,exact hard gain
Cycle,6,2,8.0,random_optimization,random_gaussian,generic,3.838595860807106,1.00400728094735,1.0040072804645874,0.9999999999999866,239.30188595770355,15000,0,False,max_steps,Cycle,exact hard gain
Cycle,6,2,9.0,random_optimization,random_gaussian,generic,2.386121547301544,1.0040416236838945,1.0040416234216274,1.0,227.95685100241232,15000,0,False,max_steps,Cycle,exact hard gain
Cycle,6,3,0.0,random_optimization,random_gaussian,generic,2.67364128358615,1.0000000007748673,1.0000000007748673,1.0,1.9986893165972883,7434,0,True,gain_one_reached,Cycle,exact hard gain
Cycle,6,3,1.0,random_optimization,random_gaussian,generic,2.920036270199786,1.0000000007337424,1.0000000007337424,1.0,3.0309555003099016,589,0,True,gain_one_reached,Cycle,exact hard gain
Cycle,6,3,2.0,random_optimization,random_gaussian,generic,2.47118300706827,1.0012661764285895,1.0012661758599777,1.0000000000000004,19.82090644609565,15000,0,False,max_steps,Cycle,exact hard gain
Cycle,6,3,3.0,random_optimization,random_gaussian,generic,6.704687474540032,1.0015000176577589,1.0015000174313118,0.9999999999999996,18.17923187832207,15000,0,False,max_steps,Cycle,exact hard gain
Cycle,6,3,4.0,random_optimization,random_gaussian,generic,5.131399713487574,1.000000000559175,1.000000000559175,1.0,1.427946067753492,461,0,True,gain_one_reached,Cycle,exact hard gain
Cycle,6,3,5.0,random_optimization,random_gaussian,generic,3.9141598422419968,1.0015240576305655,1.0016336238971184,1.0000000000000002,18.197428651287144,15000,0,False,max_steps,Cycle,exact hard gain
Cycle,6,3,6.0,random_optimization,random_gaussian,generic,1.8530078314414824,1.0012539290077982,1.0012539284051016,1.0,19.89280910378673,15000,0,False,max_steps,Cycle,exact hard gain
Cycle,6,3,7.0,random_optimization,random_gaussian,generic,2.5356250740727133,1.0000000006921228,1.0000000006921228,1.0000000000000002,1.9983740028894907,8148,0,True,gain_one_reached,Cycle,exact hard gain
Cycle,6,3,8.0,random_optimization,random_gaussian,generic,3.9406030480201553,1.0000000005731229,1.0000000005731229,0.9999999999999998,4.333634831365262,887,0,True,gain_one_reached,Cycle,exact hard gain
Cycle,6,3,9.0,random_optimization,random_gaussian,generic,3.605698933804279,1.0013203063626723,1.0013203054906883,0.9999999999999996,19.37987617865957,15000,0,False,max_steps,Cycle,exact hard gain
Cycle,6,4,0.0,random_optimization,random_gaussian,generic,2.107336066091135,1.000000000887416,1.000000000887416,1.0,4.846332479718771,2055,0,True,gain_one_reached,Cycle,exact hard gain
Cycle,6,4,1.0,random_optimization,random_gaussian,generic,2.920932989804868,1.000000000326714,1.000000000326714,1.0000000000000002,1.9141738908331745,422,0,True,gain_one_reached,Cycle,exact hard gain
Cycle,6,4,2.0,random_optimization,random_gaussian,generic,1.993772562649773,1.0000000004919911,1.0000000004919911,1.0000000000000002,1.2733223542149676,402,0,True,gain_one_reached,Cycle,exact hard gain
Cycle,6,4,3.0,random_optimization,random_gaussian,generic,5.71766302427462,1.0000000005712804,1.0000000005712804,1.0000000000000002,1.4060284087085069,482,0,True,gain_one_reached,Cycle,exact hard gain
Cycle,6,4,4.0,random_optimization,random_gaussian,generic,2.701048463250186,1.0000000007121117,1.0000000007121117,1.0,1.6283657496996955,407,0,True,gain_one_reached,Cycle,exact hard gain
Cycle,6,4,5.0,random_optimization,random_gaussian,generic,1.6044728513388686,1.0000065114116778,1.000006511030463,1.0000000000000002,1.6170584804051282,15000,0,False,max_steps,Cycle,exact hard gain
Cycle,6,4,6.0,random_optimization,random_gaussian,generic,2.244780960759555,1.0000000002569749,1.0000000002569749,1.0,1.6942936876878765,413,0,True,gain_one_reached,Cycle,exact hard gain
Cycle,6,4,7.0,random_optimization,random_gaussian,generic,2.38351694152134,1.0000235603038263,1.000023559646525,1.0,2.0553339621063507,15000,0,False,max_steps,Cycle,exact hard gain
Cycle,6,4,8.0,random_optimization,random_gaussian,generic,1.7422099128110502,1.0000000001919007,1.0000000001919007,1.0,1.6609473154587453,419,0,True,gain_one_reached,Cycle,exact hard gain
Cycle,6,4,9.0,random_optimization,random_gaussian,generic,3.351423276569401,1.0000076796959625,1.0000076796681023,1.0000000000000002,1.4745081832882116,15000,0,False,max_steps,Cycle,exact hard gain
Cycle,6,5,0.0,random_optimization,random_gaussian,generic,1.6641151842224202,1.000000000382319,1.000000000382319,1.0,2.6866696801848806,420,0,True,gain_one_reached,Cycle,exact hard gain
Cycle,6,5,1.0,random_optimization,random_gaussian,generic,2.035481065992199,1.0000000007295486,1.0000000007295486,1.0,1.6369994647783408,380,0,True,gain_one_reached,Cycle,exact hard gain
Cycle,6,5,2.0,random_optimization,random_gaussian,generic,1.9461225543938208,1.000000000385352,1.000000000385352,1.0,1.3272772396920045,389,0,True,gain_one_reached,Cycle,exact hard gain
Cycle,6,5,3.0,random_optimization,random_gaussian,generic,2.313303016185847,1.000000000446034,1.000000000446034,1.0,1.2834458773365596,404,0,True,gain_one_reached,Cycle,exact hard gain
Cycle,6,5,4.0,random_optimization,random_gaussian,generic,4.042856025457384,1.0000000009397616,1.0000000009397616,1.0,1.4120861006855283,384,0,True,gain_one_reached,Cycle,exact hard gain
Cycle,6,5,5.0,random_optimization,random_gaussian,generic,1.6283762133791575,1.0000000006849028,1.0000000006849028,1.0,1.5258317127245624,372,0,True,gain_one_reached,Cycle,exact hard gain
Cycle,6,5,6.0,random_optimization,random_gaussian,generic,2.704427328486831,1.0000000008611234,1.0000000008611234,0.9999999999999998,1.3097921985322418,383,0,True,gain_one_reached,Cycle,exact hard gain
Cycle,6,5,7.0,random_optimization,random_gaussian,generic,1.6650900255267005,1.000000000861008,1.000000000861008,0.9999999999999998,1.7246510264009798,384,0,True,gain_one_reached,Cycle,exact hard gain
Cycle,6,5,8.0,random_optimization,random_gaussian,generic,3.282100649436535,1.0000000004979892,1.0000000004979892,1.0000000000000002,1.1627870293049385,403,0,True,gain_one_reached,Cycle,exact hard gain
Cycle,6,5,9.0,random_optimization,random_gaussian,generic,3.4643803975997427,1.0000000007445435,1.0000000007445435,1.0000000000000002,1.20657609184427,393,0,True,gain_one_reached,Cycle,exact hard gain
AdjacentSwap,6,1,0.0,random_optimization,random_gaussian,generic,6.262959060624613,3.5187860782732923,3.522506481650653,1.0,6.30461678984523,15000,0,False,max_steps,Adjacent transpositions,exact hard gain
AdjacentSwap,6,1,1.0,random_optimization,random_gaussian,generic,27.807231302775783,3.280116840958164,3.282901593599156,1.0,6.144350409019964,15000,0,False,max_steps,Adjacent transpositions,exact hard gain
AdjacentSwap,6,1,2.0,random_optimization,random_gaussian,generic,10.2304721065036,3.2783514241041094,3.2819627343310627,1.0,10.918873691287544,15000,0,False,max_steps,Adjacent transpositions,exact hard gain
AdjacentSwap,6,1,3.0,random_optimization,random_gaussian,generic,34.0510659245476,2.4165712914081787,2.4204429108494305,0.9999999999999998,11.464008865635012,15000,0,False,max_steps,Adjacent transpositions,exact hard gain
AdjacentSwap,6,1,4.0,random_optimization,random_gaussian,generic,4.166041453048849,3.3881034011801834,3.3969861457761668,1.0,8.077849208028269,15000,0,False,max_steps,Adjacent transpositions,exact hard gain
AdjacentSwap,6,1,5.0,random_optimization,random_gaussian,generic,27.80395761024161,2.858170041692249,2.862743670850498,1.0,7.989073020916856,15000,0,False,max_steps,Adjacent transpositions,exact hard gain
AdjacentSwap,6,1,6.0,random_optimization,random_gaussian,generic,5.799716014698505,3.5209111638018507,3.525699176906623,1.0,6.314726783839793,15000,0,False,max_steps,Adjacent transpositions,exact hard gain
AdjacentSwap,6,1,7.0,random_optimization,random_gaussian,generic,12.778714678420895,3.308745415347494,3.31202972203788,1.0,14.175515862816347,15000,0,False,max_steps,Adjacent transpositions,exact hard gain
AdjacentSwap,6,1,8.0,random_optimization,random_gaussian,generic,50.53025672109817,3.2182895532354414,3.2240478898609246,1.0,8.028301989204051,15000,0,False,max_steps,Adjacent transpositions,exact hard gain
AdjacentSwap,6,1,9.0,random_optimization,random_gaussian,generic,41.00153963414199,3.204137080151934,3.207389902549605,1.0,14.581992097867392,15000,0,False,max_steps,Adjacent transpositions,exact hard gain
AdjacentSwap,6,2,0.0,random_optimization,random_gaussian,generic,2.533860894560602,1.410040081616487,1.413279914978049,1.0,5.570557931422668,15000,0,False,max_steps,Adjacent transpositions,exact hard gain
AdjacentSwap,6,2,1.0,random_optimization,random_gaussian,generic,2.58326541551264,1.4191908394331303,1.4212446525129685,1.0,3.5312147399238016,15000,0,False,max_steps,Adjacent transpositions,exact hard gain
AdjacentSwap,6,2,2.0,random_optimization,random_gaussian,generic,14.33748005888128,1.4754321648123565,1.478079193118032,1.0,5.011725319248843,15000,0,False,max_steps,Adjacent transpositions,exact hard gain
AdjacentSwap,6,2,3.0,random_optimization,random_gaussian,generic,9.060340558476254,1.4746006263026126,1.4780791931180317,1.0,5.032416229086589,15000,0,False,max_steps,Adjacent transpositions,exact hard gain
AdjacentSwap,6,2,4.0,random_optimization,random_gaussian,generic,5.275576643203397,1.4077678735078547,1.4132799149780446,1.0,5.541732794914436,15000,0,False,max_steps,Adjacent transpositions,exact hard gain
AdjacentSwap,6,2,5.0,random_optimization,random_gaussian,generic,84.79511211819502,1.556821312193991,1.5583083937876718,0.9999999999999998,3.135464512015555,15000,0,False,max_steps,Adjacent transpositions,exact hard gain
AdjacentSwap,6,2,6.0,random_optimization,random_gaussian,generic,2.9945515568882666,1.5570675827639129,1.5583114810123386,1.0000000000000002,3.498281964409142,15000,0,False,max_steps,Adjacent transpositions,exact hard gain
AdjacentSwap,6,2,7.0,random_optimization,random_gaussian,generic,5.4475060818202365,1.476076578558634,1.4780791931180304,1.0,5.042200294128374,15000,0,False,max_steps,Adjacent transpositions,exact hard gain
AdjacentSwap,6,2,8.0,random_optimization,random_gaussian,generic,2.4616643978086485,1.5432352181332905,1.5483847644624853,1.0000000000000002,3.2640800343969985,15000,0,False,max_steps,Adjacent transpositions,exact hard gain
AdjacentSwap,6,2,9.0,random_optimization,random_gaussian,generic,2.806525496255016,1.607032548154976,1.6128069191258856,1.0,2.9635531879379844,15000,0,False,max_steps,Adjacent transpositions,exact hard gain
AdjacentSwap,6,3,0.0,random_optimization,random_gaussian,generic,2.641438135202161,1.2546661413810083,1.2578800516368,1.0,2.308312436088912,15000,0,False,max_steps,Adjacent transpositions,exact hard gain
AdjacentSwap,6,3,1.0,random_optimization,random_gaussian,generic,2.972261380163553,1.2652098049820215,1.265698142178239,1.0,1.7513304571852475,15000,0,False,max_steps,Adjacent transpositions,exact hard gain
AdjacentSwap,6,3,2.0,random_optimization,random_gaussian,generic,2.608545182007564,1.2558126141876151,1.2578800516367972,1.0000000000000002,2.3629903972421844,15000,0,False,max_steps,Adjacent transpositions,exact hard gain
AdjacentSwap,6,3,3.0,random_optimization,random_gaussian,generic,15.179747230250316,1.2472585464804595,1.248697733390649,1.0,2.373406681343576,15000,0,False,max_steps,Adjacent transpositions,exact hard gain
AdjacentSwap,6,3,4.0,random_optimization,random_gaussian,generic,5.145633228256872,1.264962560651815,1.265698142178239,1.0,1.749192132046744,15000,0,False,max_steps,Adjacent transpositions,exact hard gain
AdjacentSwap,6,3,5.0,random_optimization,random_gaussian,generic,3.3302534510792947,1.2284800679442396,1.2287610546439882,1.0,2.223012525530263,15000,0,False,max_steps,Adjacent transpositions,exact hard gain
AdjacentSwap,6,3,6.0,random_optimization,random_gaussian,generic,2.549437507930329,1.2549855115565047,1.257880051636798,1.0000000000000002,2.302550830815295,15000,0,False,max_steps,Adjacent transpositions,exact hard gain
AdjacentSwap,6,3,7.0,random_optimization,random_gaussian,generic,2.677361809368612,1.2878462456852942,1.2901217663252649,1.0,2.051595309717748,15000,0,False,max_steps,Adjacent transpositions,exact hard gain
AdjacentSwap,6,3,8.0,random_optimization,random_gaussian,generic,4.506715297075099,1.256043636300334,1.2578800516367976,1.0,2.401379501355999,15000,0,False,max_steps,Adjacent transpositions,exact hard gain
AdjacentSwap,6,3,9.0,random_optimization,random_gaussian,generic,2.954079696533428,1.2650950499837532,1.2656981421782387,1.0,1.7473692270325794,15000,0,False,max_steps,Adjacent transpositions,exact hard gain
AdjacentSwap,6,4,0.0,random_optimization,random_gaussian,generic,2.6121797133070928,1.099918572479458,1.1011564278185306,1.0,1.437054515343139,15000,0,False,max_steps,Adjacent transpositions,exact hard gain
AdjacentSwap,6,4,1.0,random_optimization,random_gaussian,generic,3.686125350591164,1.1003954413316672,1.1011564278185315,1.0,1.4425682130580946,15000,0,False,max_steps,Adjacent transpositions,exact hard gain
AdjacentSwap,6,4,2.0,random_optimization,random_gaussian,generic,1.749537195100848,1.1447362837140698,1.1453227753671151,1.0,1.6701781337579693,15000,0,False,max_steps,Adjacent transpositions,exact hard gain
AdjacentSwap,6,4,3.0,random_optimization,random_gaussian,generic,5.752745878828467,1.1008909766931747,1.1011564278185302,1.0,1.436840861017531,15000,0,False,max_steps,Adjacent transpositions,exact hard gain
AdjacentSwap,6,4,4.0,random_optimization,random_gaussian,generic,3.080691482563834,1.100927013725962,1.101156427818531,1.0,1.442577351832381,15000,0,False,max_steps,Adjacent transpositions,exact hard gain
AdjacentSwap,6,4,5.0,random_optimization,random_gaussian,generic,1.5486599077314054,1.1008973672885625,1.101156427818531,1.0,1.4393487454231415,15000,0,False,max_steps,Adjacent transpositions,exact hard gain
AdjacentSwap,6,4,6.0,random_optimization,random_gaussian,generic,2.366654048803809,1.1437290184788302,1.1453227753671131,1.0,1.6855614543291153,15000,0,False,max_steps,Adjacent transpositions,exact hard gain
AdjacentSwap,6,4,7.0,random_optimization,random_gaussian,generic,2.922302232846629,1.1447692792409223,1.1453227753671138,1.0,1.667278313896413,15000,0,False,max_steps,Adjacent transpositions,exact hard gain
AdjacentSwap,6,4,8.0,random_optimization,random_gaussian,generic,1.980682946888344,1.1008484151412867,1.1011564278185304,1.0,1.4426312300885278,15000,0,False,max_steps,Adjacent transpositions,exact hard gain
AdjacentSwap,6,4,9.0,random_optimization,random_gaussian,generic,3.5128354673762194,1.1595156418015873,1.1599305177490693,1.0,1.538535007677876,15000,0,False,max_steps,Adjacent transpositions,exact hard gain
AdjacentSwap,6,5,0.0,random_optimization,random_gaussian,generic,2.075420034289245,1.0000000008154737,1.0000000008154737,1.0,1.000000001291198,389,0,True,gain_one_reached,Adjacent transpositions,exact hard gain
AdjacentSwap,6,5,1.0,random_optimization,random_gaussian,generic,1.6109324138372103,1.00000000098512,1.00000000098512,1.0,1.000000002015933,378,0,True,gain_one_reached,Adjacent transpositions,exact hard gain
AdjacentSwap,6,5,2.0,random_optimization,random_gaussian,generic,2.131987535656434,1.0000000004964067,1.0000000004964067,1.0,1.0000000006790586,441,0,True,gain_one_reached,Adjacent transpositions,exact hard gain
AdjacentSwap,6,5,3.0,random_optimization,random_gaussian,generic,2.194279648498828,1.000000000684811,1.000000000684811,1.0,1.0000000013908568,391,0,True,gain_one_reached,Adjacent transpositions,exact hard gain
AdjacentSwap,6,5,4.0,random_optimization,random_gaussian,generic,3.648373362906244,1.000000000509315,1.000000000509315,1.0,1.0000000014237056,404,0,True,gain_one_reached,Adjacent transpositions,exact hard gain
AdjacentSwap,6,5,5.0,random_optimization,random_gaussian,generic,1.7838715207804938,1.0000000007470975,1.0000000007470975,1.0,1.000000001124555,388,0,True,gain_one_reached,Adjacent transpositions,exact hard gain
AdjacentSwap,6,5,6.0,random_optimization,random_gaussian,generic,2.7029958651468107,1.000000000530616,1.000000000530616,1.0,1.000000000815081,402,0,True,gain_one_reached,Adjacent transpositions,exact hard gain
AdjacentSwap,6,5,7.0,random_optimization,random_gaussian,generic,2.067937055911378,1.0000000002321583,1.0000000002321583,1.0,1.0000000003921146,452,0,True,gain_one_reached,Adjacent transpositions,exact hard gain
AdjacentSwap,6,5,8.0,random_optimization,random_gaussian,generic,3.792462246437103,1.0000000009097365,1.0000000009097365,1.0,1.000000001585979,390,0,True,gain_one_reached,Adjacent transpositions,exact hard gain
AdjacentSwap,6,5,9.0,random_optimization,random_gaussian,generic,3.926499355107433,1.000000000985365,1.000000000985365,1.0,1.0000000020994906,402,0,True,gain_one_reached,Adjacent transpositions,exact hard gain
AllSwap,6,1,0.0,random_optimization,random_gaussian,generic,9.359578849677138,4.083839885132385,4.085645591327396,1.0,7.1291659368678495,15000,0,False,max_steps,Complete transpositions,exact hard gain
AllSwap,6,1,1.0,random_optimization,random_gaussian,generic,27.807231302775783,4.085635629048309,4.085645591327398,1.0,7.104071038847062,15000,0,False,max_steps,Complete transpositions,exact hard gain
AllSwap,6,1,2.0,random_optimization,random_gaussian,generic,14.217398123528104,4.085271888484387,4.085645591327399,1.0,7.110316764706894,15000,0,False,max_steps,Complete transpositions,exact hard gain
AllSwap,6,1,3.0,random_optimization,random_gaussian,generic,34.0510659245476,4.083572804075854,4.085645591327396,1.0,7.133289756992285,15000,0,False,max_steps,Complete transpositions,exact hard gain
AllSwap,6,1,4.0,random_optimization,random_gaussian,generic,7.940900211992613,4.081561863233986,4.085645591327395,1.0,7.152851632627602,15000,0,False,max_steps,Complete transpositions,exact hard gain
AllSwap,6,1,5.0,random_optimization,random_gaussian,generic,55.693498848797965,4.085271058583116,4.085645591327404,1.0,7.115006298354395,15000,0,False,max_steps,Complete transpositions,exact hard gain
AllSwap,6,1,6.0,random_optimization,random_gaussian,generic,6.436412437357438,4.083533327268511,4.085645591327397,1.0,7.132727676960105,15000,0,False,max_steps,Complete transpositions,exact hard gain
AllSwap,6,1,7.0,random_optimization,random_gaussian,generic,12.827742407690293,4.08183221110349,4.085645591327398,1.0,7.144835615729654,15000,0,False,max_steps,Complete transpositions,exact hard gain
AllSwap,6,1,8.0,random_optimization,random_gaussian,generic,54.49344079731081,4.085645335394206,4.085645591327402,1.0,7.103448542678403,15000,0,False,max_steps,Complete transpositions,exact hard gain
AllSwap,6,1,9.0,random_optimization,random_gaussian,generic,66.02216992535556,4.0834190159854185,4.085645591327397,1.0,7.149962315676206,15000,0,False,max_steps,Complete transpositions,exact hard gain
AllSwap,6,2,0.0,random_optimization,random_gaussian,generic,3.783615551553244,1.902113033333256,1.9021130325903128,1.0,1.9021130356224585,15000,0,False,max_steps,Complete transpositions,exact hard gain
AllSwap,6,2,1.0,random_optimization,random_gaussian,generic,3.600812937490192,1.9021130330704377,1.9021130325903133,1.0,1.902113033154279,15000,0,False,max_steps,Complete transpositions,exact hard gain
AllSwap,6,2,2.0,random_optimization,random_gaussian,generic,14.337480058881278,1.9021130326159608,1.902113032590316,1.0,1.9021130326445024,15000,0,False,max_steps,Complete transpositions,exact hard gain
AllSwap,6,2,3.0,random_optimization,random_gaussian,generic,9.060340558476254,1.902113032646348,1.9021130325903144,1.0,1.902113032652689,15000,0,False,max_steps,Complete transpositions,exact hard gain
AllSwap,6,2,4.0,random_optimization,random_gaussian,generic,5.603163282863901,1.9021130327876528,1.902113032590316,0.9999999999999998,1.90211303296198,15000,0,False,max_steps,Complete transpositions,exact hard gain
AllSwap,6,2,5.0,random_optimization,random_gaussian,generic,85.58585439354849,1.9021130332529528,1.902113032590316,1.0,1.9021130341273609,15000,0,False,max_steps,Complete transpositions,exact hard gain
AllSwap,6,2,6.0,random_optimization,random_gaussian,generic,3.078023335102212,1.902113032831716,1.902113032590317,1.0,1.902113033512571,15000,0,False,max_steps,Complete transpositions,exact hard gain
AllSwap,6,2,7.0,random_optimization,random_gaussian,generic,5.999949110868568,1.902113033252777,1.9021130325903173,1.0000000000000002,1.902113034811648,15000,0,False,max_steps,Complete transpositions,exact hard gain
AllSwap,6,2,8.0,random_optimization,random_gaussian,generic,3.838595860807106,1.902113033514576,1.9021130325903155,1.0,1.90211303499566,15000,0,False,max_steps,Complete transpositions,exact hard gain
AllSwap,6,2,9.0,random_optimization,random_gaussian,generic,2.806525496255016,1.9021130333140472,1.9021130325903144,1.0,1.9021130343711792,15000,0,False,max_steps,Complete transpositions,exact hard gain
AllSwap,6,3,0.0,random_optimization,random_gaussian,generic,3.1122741064223094,1.4142135623830328,1.4142135623730974,1.0,1.4142135623848864,15000,0,False,max_steps,Complete transpositions,exact hard gain
AllSwap,6,3,1.0,random_optimization,random_gaussian,generic,2.9722613801635536,1.4142135633171409,1.4142135623730996,1.0,1.41421356381701,15000,0,False,max_steps,Complete transpositions,exact hard gain
AllSwap,6,3,2.0,random_optimization,random_gaussian,generic,2.908326199788718,1.4142135628028951,1.4142135623730976,1.0,1.4142135628160648,15000,0,False,max_steps,Complete transpositions,exact hard gain
AllSwap,6,3,3.0,random_optimization,random_gaussian,generic,15.630060455153698,1.414213562430037,1.4142135623730991,1.0,1.4142135624300367,15000,0,False,max_steps,Complete transpositions,exact hard gain
AllSwap,6,3,4.0,random_optimization,random_gaussian,generic,5.704593418624742,1.4142135626808017,1.414213562373098,1.0,1.4142135626808017,15000,0,False,max_steps,Complete transpositions,exact hard gain
AllSwap,6,3,5.0,random_optimization,random_gaussian,generic,5.371985997972549,1.4142135627614327,1.4142135623730967,1.0,1.4142135628621468,15000,0,False,max_steps,Complete transpositions,exact hard gain
AllSwap,6,3,6.0,random_optimization,random_gaussian,generic,2.68509818688625,1.7060378930403894,1.7065244059819846,1.0,1.7060378930403892,15000,0,False,max_steps,Complete transpositions,exact hard gain
AllSwap,6,3,7.0,random_optimization,random_gaussian,generic,2.677361809368611,1.4142135625103815,1.4142135623730974,0.9999999999999998,1.4142135625328631,15000,0,False,max_steps,Complete transpositions,exact hard gain
AllSwap,6,3,8.0,random_optimization,random_gaussian,generic,4.506715297075099,1.4142135625824586,1.4142135623730967,1.0,1.4142135625824583,15000,0,False,max_steps,Complete transpositions,exact hard gain
AllSwap,6,3,9.0,random_optimization,random_gaussian,generic,4.51175703830581,1.4142135633514274,1.4142135623730978,0.9999999999999998,1.4142135633514272,15000,0,False,max_steps,Complete transpositions,exact hard gain
AllSwap,6,4,0.0,random_optimization,random_gaussian,generic,2.9167473770338286,1.270275181766256,1.270275181460043,1.0,1.2702751817662556,15000,0,False,max_steps,Complete transpositions,exact hard gain
AllSwap,6,4,1.0,random_optimization,random_gaussian,generic,3.686125350591164,1.2702751816273743,1.270275181460042,1.0000000000000002,1.2702751816273743,15000,0,False,max_steps,Complete transpositions,exact hard gain
AllSwap,6,4,2.0,random_optimization,random_gaussian,generic,2.5714590993060096,1.2702391682881236,1.2702751814600428,1.0000000000000002,1.2702391682881238,15000,0,False,max_steps,Complete transpositions,exact hard gain
AllSwap,6,4,3.0,random_optimization,random_gaussian,generic,6.177519871142834,1.2702751819816305,1.270275181460042,0.9999999999999998,1.27027518198163,15000,0,False,max_steps,Complete transpositions,exact hard gain
AllSwap,6,4,4.0,random_optimization,random_gaussian,generic,3.853990957131908,1.224744871560009,1.224744871391591,1.0,1.2247448715617606,15000,0,False,max_steps,Complete transpositions,exact hard gain
AllSwap,6,4,5.0,random_optimization,random_gaussian,generic,2.2728530357430907,1.2702751816003193,1.270275181460042,1.0000000000000002,1.2702751816003195,15000,0,False,max_steps,Complete transpositions,exact hard gain
AllSwap,6,4,6.0,random_optimization,random_gaussian,generic,2.3666540488038086,1.2247448722412353,1.2247448713915907,1.0,1.2247448722412353,15000,0,False,max_steps,Complete transpositions,exact hard gain
AllSwap,6,4,7.0,random_optimization,random_gaussian,generic,3.088020880510334,1.224744872079037,1.2247448713915914,1.0,1.2247448721119891,15000,0,False,max_steps,Complete transpositions,exact hard gain
AllSwap,6,4,8.0,random_optimization,random_gaussian,generic,2.2618811763012654,1.270275181697181,1.270275181460041,1.0,1.2702751816971805,15000,0,False,max_steps,Complete transpositions,exact hard gain
AllSwap,6,4,9.0,random_optimization,random_gaussian,generic,3.5128354673762194,1.2247448723758263,1.224744871391591,1.0,1.2247448724433003,15000,0,False,max_steps,Complete transpositions,exact hard gain
AllSwap,6,5,0.0,random_optimization,random_gaussian,generic,2.3998615994835024,1.0000000001094016,1.0000000001094016,1.0000000000000002,1.0000000001094018,431,0,True,gain_one_reached,Complete transpositions,exact hard gain
AllSwap,6,5,1.0,random_optimization,random_gaussian,generic,2.603309396604164,1.0000000008140535,1.0000000008140535,1.0,1.0000000008140533,394,0,True,gain_one_reached,Complete transpositions,exact hard gain
AllSwap,6,5,2.0,random_optimization,random_gaussian,generic,2.131987535656434,1.000000000676572,1.000000000676572,1.0,1.000000000676572,410,0,True,gain_one_reached,Complete transpositions,exact hard gain
AllSwap,6,5,3.0,random_optimization,random_gaussian,generic,2.7627889333116444,1.0000000007537957,1.0000000007537957,1.0,1.0000000008221934,391,0,True,gain_one_reached,Complete transpositions,exact hard gain
AllSwap,6,5,4.0,random_optimization,random_gaussian,generic,4.042856025457384,1.000000000298258,1.000000000298258,1.0,1.0000000002982576,410,0,True,gain_one_reached,Complete transpositions,exact hard gain
AllSwap,6,5,5.0,random_optimization,random_gaussian,generic,1.947057072979959,1.0000000001279192,1.0000000001279192,1.0,1.000000000127919,412,0,True,gain_one_reached,Complete transpositions,exact hard gain
AllSwap,6,5,6.0,random_optimization,random_gaussian,generic,2.8341717732075766,1.0000000003936198,1.0000000003936198,1.0,1.0000000003936196,407,0,True,gain_one_reached,Complete transpositions,exact hard gain
AllSwap,6,5,7.0,random_optimization,random_gaussian,generic,2.0679370559113783,1.0000000006123628,1.0000000006123628,1.0,1.0000000006957197,408,0,True,gain_one_reached,Complete transpositions,exact hard gain
AllSwap,6,5,8.0,random_optimization,random_gaussian,generic,3.792462246437104,1.0000000008184955,1.0000000008184955,1.0,1.0000000009244303,388,0,True,gain_one_reached,Complete transpositions,exact hard gain
AllSwap,6,5,9.0,random_optimization,random_gaussian,generic,3.926499355107433,1.000000000140163,1.000000000140163,1.0,1.0000000001401628,437,0,True,gain_one_reached,Complete transpositions,exact hard gain
Cycle,8,1,0.0,random_optimization,random_gaussian,generic,11.645851031994903,3.666117047905504,3.6667777837041857,1.0,74.05477007261452,15000,0,False,max_steps,Cycle,exact hard gain
Cycle,8,1,1.0,random_optimization,random_gaussian,generic,17.955111377873738,3.96102178591902,3.966415762590207,1.0,22.304595587190462,15000,0,False,max_steps,Cycle,exact hard gain
Cycle,8,1,2.0,random_optimization,random_gaussian,generic,9.230472106503605,2.34594912688328,2.3542461682777693,1.0,58.7371675486161,15000,0,False,max_steps,Cycle,exact hard gain
Cycle,8,1,3.0,random_optimization,random_gaussian,generic,17.63126129270381,2.810652688944789,2.812447746285599,1.0,21.25466775391532,15000,0,False,max_steps,Cycle,exact hard gain
Cycle,8,1,4.0,random_optimization,random_gaussian,generic,49.541395131769,3.549934227169699,3.5583037529634,1.0,43.209786489613535,15000,0,False,max_steps,Cycle,exact hard gain
Cycle,8,1,5.0,random_optimization,random_gaussian,generic,26.80395761024161,3.552271859655174,3.5576767437353314,1.0,19.31706706597552,15000,0,False,max_steps,Cycle,exact hard gain
Cycle,8,1,6.0,random_optimization,random_gaussian,generic,15.046491693507022,4.255833936419591,4.260550432932803,1.0,13.118575957062223,15000,0,False,max_steps,Cycle,exact hard gain
Cycle,8,1,7.0,random_optimization,random_gaussian,generic,12.8277424076903,3.3441529422657257,3.3536141856878774,1.0,14.287616990096987,15000,0,False,max_steps,Cycle,exact hard gain
Cycle,8,1,8.0,random_optimization,random_gaussian,generic,24.23614862861274,2.7668349564939434,2.780311960532282,1.0,22.8574669257668,15000,0,False,max_steps,Cycle,exact hard gain
Cycle,8,1,9.0,random_optimization,random_gaussian,generic,39.39102832005081,3.243509810075166,3.252214007329368,1.0,45.10313769186845,15000,0,False,max_steps,Cycle,exact hard gain
Cycle,8,2,0.0,random_optimization,random_gaussian,generic,6.107649416099995,1.038885933594292,1.0388859330446547,1.000000000000001,533.8668572320969,15000,0,False,max_steps,Cycle,exact hard gain
Cycle,8,2,1.0,random_optimization,random_gaussian,generic,6.200050603891812,1.355908585381314,1.358587330351249,1.0000000000000002,5.237522294793368,15000,0,False,max_steps,Cycle,exact hard gain
Cycle,8,2,2.0,random_optimization,random_gaussian,generic,4.7670225827779085,1.005105604211365,1.00510560372653,1.000000000000005,182.6584882266077,15000,0,False,max_steps,Cycle,exact hard gain
Cycle,8,2,3.0,random_optimization,random_gaussian,generic,5.3716849734942524,1.0378749341310876,1.0378749340520297,1.0000000000000224,948.8992255676528,15000,0,False,max_steps,Cycle,exact hard gain
Cycle,8,2,4.0,random_optimization,random_gaussian,generic,8.613341754061299,1.223417785424705,1.2236231574950076,1.0,5.341304435881348,15000,0,False,max_steps,Cycle,exact hard gain
Cycle,8,2,5.0,random_optimization,random_gaussian,generic,5.124886896085177,1.4189941486181814,1.423109381492745,0.9999999999999998,10.180556175192748,15000,0,False,max_steps,Cycle,exact hard gain
Cycle,8,2,6.0,random_optimization,random_gaussian,generic,12.398250750051696,1.0000000001363234,1.0000000001363234,1.0,2.613125929901816,515,0,True,gain_one_reached,Cycle,exact hard gain
Cycle,8,2,7.0,random_optimization,random_gaussian,generic,10.996702075991475,1.0000000006071723,1.0000000006071723,1.0,2.6131259325762843,1102,0,True,gain_one_reached,Cycle,exact hard gain
Cycle,8,2,8.0,random_optimization,random_gaussian,generic,13.495051893296054,1.0000000001215807,1.0000000001215807,1.0,2.613125930329764,805,0,True,gain_one_reached,Cycle,exact hard gain
Cycle,8,2,9.0,random_optimization,random_gaussian,generic,7.134537056367531,1.005550930968842,1.005550930681166,0.9999999999999968,180.7038102103625,15000,0,False,max_steps,Cycle,exact hard gain
Cycle,8,3,0.0,random_optimization,random_gaussian,generic,2.868329550196715,1.0025647228890728,1.0025647220479676,0.9999999999999986,143.83983139493554,15000,0,False,max_steps,Cycle,exact hard gain
Cycle,8,3,1.0,random_optimization,random_gaussian,generic,3.351869979356511,1.0042458698498404,1.004245869495494,1.0000000000000029,106.821138875064,15000,0,False,max_steps,Cycle,exact hard gain
Cycle,8,3,2.0,random_optimization,random_gaussian,generic,1.9842972457316204,1.0000287866430495,1.000049697458557,1.0,2.613013495356906,15000,0,False,max_steps,Cycle,exact hard gain
Cycle,8,3,3.0,random_optimization,random_gaussian,generic,8.037852080668133,1.0000240125199988,1.0000240124835558,1.0000000000000002,2.613069751361247,15000,0,False,max_steps,Cycle,exact hard gain
Cycle,8,3,4.0,random_optimization,random_gaussian,generic,5.285466770708701,1.003620193304741,1.0036201926871533,1.0000000000000029,81.44680434566388,15000,0,False,max_steps,Cycle,exact hard gain
Cycle,8,3,5.0,random_optimization,random_gaussian,generic,5.992171526665863,1.002212797066517,1.002212797050936,1.0000000000000004,16.91384262640503,15000,0,False,max_steps,Cycle,exact hard gain
Cycle,8,3,6.0,random_optimization,random_gaussian,generic,2.725644094462178,1.0000000007492251,1.0000000007492251,1.0,1.84591483291532,561,0,True,gain_one_reached,Cycle,exact hard gain
Cycle,8,3,7.0,random_optimization,random_gaussian,generic,1.947333049263514,1.0000279625118529,1.0000279620698336,1.0,2.613061487787799,15000,0,False,max_steps,Cycle,exact hard gain
Cycle,8,3,8.0,random_optimization,random_gaussian,generic,4.641504603326381,1.002059543287867,1.002059542678727,0.9999999999999998,24.22819831833565,15000,0,False,max_steps,Cycle,exact hard gain
Cycle,8,3,9.0,random_optimization,random_gaussian,generic,2.5713470424609874,1.0035371654217136,1.0035371649461882,1.0000000000000009,44.1543393026375,15000,0,False,max_steps,Cycle,exact hard gain
Cycle,8,4,0.0,random_optimization,random_gaussian,generic,2.6879474446148,1.000000000631828,1.000000000631828,1.0,1.6594032774056269,449,0,True,gain_one_reached,Cycle,exact hard gain
Cycle,8,4,1.0,random_optimization,random_gaussian,generic,3.730614621540489,1.0000000009145076,1.0000000009145076,1.0,2.3923252301886344,845,0,True,gain_one_reached,Cycle,exact hard gain
Cycle,8,4,2.0,random_optimization,random_gaussian,generic,2.2767853539157823,1.0000000007385696,1.0000000007385696,1.0,1.549615637381921,407,0,True,gain_one_reached,Cycle,exact hard gain
Cycle,8,4,3.0,random_optimization,random_gaussian,generic,2.152029339172463,1.0014110567334062,1.0014110566500871,1.0000000000000002,18.896647432871312,15000,0,False,max_steps,Cycle,exact hard gain
Cycle,8,4,4.0,random_optimization,random_gaussian,generic,2.8834237613818967,1.0000000009435783,1.0000000009435783,1.0,4.560450188281245,1725,0,True,gain_one_reached,Cycle,exact hard gain
Cycle,8,4,5.0,random_optimization,random_gaussian,generic,2.9604476648499665,1.000016197783182,1.000018665064984,1.0,1.874790762478823,15000,0,False,max_steps,Cycle,exact hard gain
Cycle,8,4,6.0,random_optimization,random_gaussian,generic,4.215105701262354,1.0017015417230748,1.0019650943790277,1.0000000000000002,18.30932742827224,15000,0,False,max_steps,Cycle,exact hard gain
Cycle,8,4,7.0,random_optimization,random_gaussian,generic,1.9279277151587264,1.0017616743934523,1.001895699458636,1.0,21.25760471038942,15000,0,False,max_steps,Cycle,exact hard gain
Cycle,8,4,8.0,random_optimization,random_gaussian,generic,3.253178665161459,1.000000000362386,1.000000000362386,1.0,1.78154984094055,486,0,True,gain_one_reached,Cycle,exact hard gain
Cycle,8,4,9.0,random_optimization,random_gaussian,generic,2.4016290371637963,1.0000000002683205,1.0000000002683205,1.0,1.5027166871481517,444,0,True,gain_one_reached,Cycle,exact hard gain
Cycle,8,5,0.0,random_optimization,random_gaussian,generic,2.099878953339997,1.000000000254893,1.000000000254893,0.9999999999999998,1.813981186954112,1214,0,True,gain_one_reached,Cycle,exact hard gain
Cycle,8,5,1.0,random_optimization,random_gaussian,generic,2.661684924084977,1.0015676175986432,1.0019715100962785,1.0000000000000004,14.28866799348726,15000,0,False,max_steps,Cycle,exact hard gain
Cycle,8,5,2.0,random_optimization,random_gaussian,generic,2.029777340679291,1.000013953471715,1.0000216998631897,1.0,1.640943351145426,15000,0,False,max_steps,Cycle,exact hard gain
Cycle,8,5,3.0,random_optimization,random_gaussian,generic,2.288142672016676,1.0000000009752217,1.0000000009752217,1.0,1.8678154784717544,643,0,True,gain_one_reached,Cycle,exact hard gain
Cycle,8,5,4.0,random_optimization,random_gaussian,generic,2.176956421992221,1.0000231322539028,1.0000292169290392,1.0,1.736469126597716,15000,0,False,max_steps,Cycle,exact hard gain
Cycle,8,5,5.0,random_optimization,random_gaussian,generic,2.314065128062322,1.0000000008049992,1.0000000008049992,0.9999999999999996,4.506833601659211,2362,0,True,gain_one_reached,Cycle,exact hard gain
Cycle,8,5,6.0,random_optimization,random_gaussian,generic,2.408545835771156,1.0000000009300922,1.0000000009300922,1.0,2.0015226446081336,4851,0,True,gain_one_reached,Cycle,exact hard gain
Cycle,8,5,7.0,random_optimization,random_gaussian,generic,3.0653624689003216,1.0017335928786808,1.0017335922337436,0.9999999999999998,14.07156876387248,15000,0,False,max_steps,Cycle,exact hard gain
Cycle,8,5,8.0,random_optimization,random_gaussian,generic,3.236740479707571,1.0000000005503704,1.0000000005503704,1.0,4.084664721719159,1484,0,True,gain_one_reached,Cycle,exact hard gain
Cycle,8,5,9.0,random_optimization,random_gaussian,generic,2.5444852955874944,1.00000000030485,1.00000000030485,1.0,1.7397880965762689,514,0,True,gain_one_reached,Cycle,exact hard gain
Cycle,8,6,0.0,random_optimization,random_gaussian,generic,4.441789059234931,1.000000000560756,1.000000000560756,1.0,1.4798789999590438,415,0,True,gain_one_reached,Cycle,exact hard gain
Cycle,8,6,1.0,random_optimization,random_gaussian,generic,2.2299667616989858,1.0000147592774848,1.0000226873816092,0.9999999999999998,1.437921848678609,15000,0,False,max_steps,Cycle,exact hard gain
Cycle,8,6,2.0,random_optimization,random_gaussian,generic,1.7513203077490518,1.0000000008029202,1.0000000008029202,0.9999999999999998,1.4408768355247654,389,0,True,gain_one_reached,Cycle,exact hard gain
Cycle,8,6,3.0,random_optimization,random_gaussian,generic,2.070885367513623,1.000014442849469,1.0000259967216312,1.0,1.3315915455729144,15000,0,False,max_steps,Cycle,exact hard gain
Cycle,8,6,4.0,random_optimization,random_gaussian,generic,2.1938323805644453,1.000003460018006,1.0000034591287543,1.0,1.6708224743993747,15000,0,False,max_steps,Cycle,exact hard gain
Cycle,8,6,5.0,random_optimization,random_gaussian,generic,3.7691177437730152,1.0000064457274107,1.0000104391003564,1.0000000000000002,1.4142084443163254,15000,0,False,max_steps,Cycle,exact hard gain
Cycle,8,6,6.0,random_optimization,random_gaussian,generic,1.9679058893904773,1.0000167627204268,1.000032167152243,1.0000000000000002,1.497199653472832,15000,0,False,max_steps,Cycle,exact hard gain
Cycle,8,6,7.0,random_optimization,random_gaussian,generic,2.318328279349464,1.0000102599410388,1.0000199601081674,1.0000000000000002,1.312025038172596,15000,0,False,max_steps,Cycle,exact hard gain
Cycle,8,6,8.0,random_optimization,random_gaussian,generic,2.366649904401893,1.0000157228892217,1.0000182751724085,1.0,1.519560915640372,15000,0,False,max_steps,Cycle,exact hard gain
Cycle,8,6,9.0,random_optimization,random_gaussian,generic,2.772887214165647,1.0000126129795492,1.0000129860580678,1.0,1.424641372053907,15000,0,False,max_steps,Cycle,exact hard gain
Cycle,8,7,0.0,random_optimization,random_gaussian,generic,2.5078152024172544,1.0000000003487943,1.0000000003487943,1.0,1.732194554128704,411,0,True,gain_one_reached,Cycle,exact hard gain
Cycle,8,7,1.0,random_optimization,random_gaussian,generic,1.8559940664293657,1.0000000008654295,1.0000000008654295,1.0,1.3610183844313604,385,0,True,gain_one_reached,Cycle,exact hard gain
Cycle,8,7,2.0,random_optimization,random_gaussian,generic,1.7010312209946772,1.0000000001680025,1.0000000001680025,1.0000000000000002,1.3046731030422645,435,0,True,gain_one_reached,Cycle,exact hard gain
Cycle,8,7,3.0,random_optimization,random_gaussian,generic,1.8517585839336743,1.0000000000531482,1.0000000000531482,1.0,1.171652251683169,441,0,True,gain_one_reached,Cycle,exact hard gain
Cycle,8,7,4.0,random_optimization,random_gaussian,generic,2.433193554656317,1.0000000000017268,1.0000000000017268,1.0,1.430829416419592,510,0,True,gain_one_reached,Cycle,exact hard gain
Cycle,8,7,5.0,random_optimization,random_gaussian,generic,1.821034470209823,1.0000000007404013,1.0000000007404013,1.0000000000000002,1.572995315515803,387,0,True,gain_one_reached,Cycle,exact hard gain
Cycle,8,7,6.0,random_optimization,random_gaussian,generic,3.8673841773420174,1.00000000032297,1.00000000032297,1.0000000000000002,1.2444383669485173,419,0,True,gain_one_reached,Cycle,exact hard gain
Cycle,8,7,7.0,random_optimization,random_gaussian,generic,3.148687848549087,1.0000000001364335,1.0000000001364335,1.0,1.185214973242123,429,0,True,gain_one_reached,Cycle,exact hard gain
Cycle,8,7,8.0,random_optimization,random_gaussian,generic,2.5276723911581205,1.000000000182838,1.000000000182838,1.0,1.2116936786848684,421,0,True,gain_one_reached,Cycle,exact hard gain
Cycle,8,7,9.0,random_optimization,random_gaussian,generic,2.5810440009256204,1.0000000008980274,1.0000000008980274,1.0,1.2287470228832282,378,0,True,gain_one_reached,Cycle,exact hard gain
AdjacentSwap,8,1,0.0,random_optimization,random_gaussian,generic,15.641306906756183,4.349522332862441,4.358407530066045,1.0,9.34891212493649,15000,0,False,max_steps,Adjacent transpositions,exact hard gain
AdjacentSwap,8,1,1.0,random_optimization,random_gaussian,generic,27.807231302775783,4.677345765666532,4.681498518947773,1.0,8.786095203013469,15000,0,False,max_steps,Adjacent transpositions,exact hard gain
AdjacentSwap,8,1,2.0,random_optimization,random_gaussian,generic,36.511189564856736,3.731516158665937,3.7353791808971697,1.0,24.39351642595628,15000,0,False,max_steps,Adjacent transpositions,exact hard gain
AdjacentSwap,8,1,3.0,random_optimization,random_gaussian,generic,34.051065924547586,3.429707384929471,3.4333697017542275,1.0,25.22363509177808,15000,0,False,max_steps,Adjacent transpositions,exact hard gain
AdjacentSwap,8,1,4.0,random_optimization,random_gaussian,generic,40.13767299801425,4.510926030430666,4.513782501215995,1.0,10.22543241452245,15000,0,False,max_steps,Adjacent transpositions,exact hard gain
AdjacentSwap,8,1,5.0,random_optimization,random_gaussian,generic,27.80395761024161,3.206573975685469,3.2128094539428,1.0,14.6784700533675,15000,0,False,max_steps,Adjacent transpositions,exact hard gain
AdjacentSwap,8,1,6.0,random_optimization,random_gaussian,generic,20.907115395807224,4.026039295806549,4.03020425792114,1.0,9.965142119305654,15000,0,False,max_steps,Adjacent transpositions,exact hard gain
AdjacentSwap,8,1,7.0,random_optimization,random_gaussian,generic,12.77871467842089,4.245728517684677,4.251413023061394,1.0,27.205319245857225,15000,0,False,max_steps,Adjacent transpositions,exact hard gain
AdjacentSwap,8,1,8.0,random_optimization,random_gaussian,generic,50.53025672109817,4.249400781032115,4.250121922544674,1.0,13.775423735732424,15000,0,False,max_steps,Adjacent transpositions,exact hard gain
AdjacentSwap,8,1,9.0,random_optimization,random_gaussian,generic,64.52137316846812,4.170711118061039,4.176867838271795,1.0,16.18622007547843,15000,0,False,max_steps,Adjacent transpositions,exact hard gain
AdjacentSwap,8,2,0.0,random_optimization,random_gaussian,generic,5.831592957912364,1.577547487559275,1.5793125745413803,1.0000000000000002,6.860210174454193,15000,0,False,max_steps,Adjacent transpositions,exact hard gain
AdjacentSwap,8,2,1.0,random_optimization,random_gaussian,generic,6.502687490735533,1.648135764126297,1.6502902552795655,1.0,6.855978809762279,15000,0,False,max_steps,Adjacent transpositions,exact hard gain
AdjacentSwap,8,2,2.0,random_optimization,random_gaussian,generic,6.062289761737363,1.779192820873873,1.7811709602048464,1.0,5.191209042747876,15000,0,False,max_steps,Adjacent transpositions,exact hard gain
AdjacentSwap,8,2,3.0,random_optimization,random_gaussian,generic,11.026968814533092,1.7330063790969084,1.7347491645387243,1.0,4.725963333861829,15000,0,False,max_steps,Adjacent transpositions,exact hard gain
AdjacentSwap,8,2,4.0,random_optimization,random_gaussian,generic,6.782884290336094,1.6054570473231191,1.6068960153689942,1.0,5.575010911051978,15000,0,False,max_steps,Adjacent transpositions,exact hard gain
AdjacentSwap,8,2,5.0,random_optimization,random_gaussian,generic,11.944284893436404,1.5894483068627707,1.5916272722164788,1.0000000000000004,8.782073675889722,15000,0,False,max_steps,Adjacent transpositions,exact hard gain
AdjacentSwap,8,2,6.0,random_optimization,random_gaussian,generic,11.456551223273998,1.611154215596036,1.6135407860155588,1.0,12.643942929658689,15000,0,False,max_steps,Adjacent transpositions,exact hard gain
AdjacentSwap,8,2,7.0,random_optimization,random_gaussian,generic,7.541685399088119,1.6566318974586254,1.6579863435743702,1.0,5.117246729858889,15000,0,False,max_steps,Adjacent transpositions,exact hard gain
AdjacentSwap,8,2,8.0,random_optimization,random_gaussian,generic,8.897123421241293,1.6089594440852164,1.611737423633258,1.0,6.020538148302415,15000,0,False,max_steps,Adjacent transpositions,exact hard gain
AdjacentSwap,8,2,9.0,random_optimization,random_gaussian,generic,4.63539420060931,1.560477598995624,1.5607630007671855,1.0,4.63250569079561,15000,0,False,max_steps,Adjacent transpositions,exact hard gain
AdjacentSwap,8,3,0.0,random_optimization,random_gaussian,generic,3.349273259668582,1.314289182230122,1.3183369159737632,1.0000000000000002,4.984090119471619,15000,0,False,max_steps,Adjacent transpositions,exact hard gain
AdjacentSwap,8,3,1.0,random_optimization,random_gaussian,generic,4.400256433505598,1.3158103877421945,1.321636752194035,1.0,5.932342148478142,15000,0,False,max_steps,Adjacent transpositions,exact hard gain
AdjacentSwap,8,3,2.0,random_optimization,random_gaussian,generic,2.172182837120483,1.3358037867172488,1.3365763987824697,1.0000000000000002,2.765135523303508,15000,0,False,max_steps,Adjacent transpositions,exact hard gain
AdjacentSwap,8,3,3.0,random_optimization,random_gaussian,generic,8.744824087300485,1.3446722764390628,1.344932413437115,1.0,3.99956841350192,15000,0,False,max_steps,Adjacent transpositions,exact hard gain
AdjacentSwap,8,3,4.0,random_optimization,random_gaussian,generic,7.147693930606357,1.3164384881029558,1.3193343555689638,1.0,5.279794984365489,15000,0,False,max_steps,Adjacent transpositions,exact hard gain
AdjacentSwap,8,3,5.0,random_optimization,random_gaussian,generic,7.7946012230710515,1.336456122305463,1.337615443243659,1.0,6.202183129979252,15000,0,False,max_steps,Adjacent transpositions,exact hard gain
AdjacentSwap,8,3,6.0,random_optimization,random_gaussian,generic,2.703556531706489,1.3713395983895895,1.372435025313509,1.0,2.563236579810506,15000,0,False,max_steps,Adjacent transpositions,exact hard gain
AdjacentSwap,8,3,7.0,random_optimization,random_gaussian,generic,2.9990651304796807,1.3169935666209212,1.319334355568963,1.0,5.247880453308324,15000,0,False,max_steps,Adjacent transpositions,exact hard gain
AdjacentSwap,8,3,8.0,random_optimization,random_gaussian,generic,5.521308946920946,1.3670392339882038,1.3700745235983307,1.0000000000000002,6.912371805893778,15000,0,False,max_steps,Adjacent transpositions,exact hard gain
AdjacentSwap,8,3,9.0,random_optimization,random_gaussian,generic,2.23368697931188,1.3295355160211533,1.330783624140434,1.0000000000000002,4.447705547985641,15000,0,False,max_steps,Adjacent transpositions,exact hard gain
AdjacentSwap,8,4,0.0,random_optimization,random_gaussian,generic,2.9614839532127566,1.2069968115990342,1.20702788197501,1.0,2.209146984231575,15000,0,False,max_steps,Adjacent transpositions,exact hard gain
AdjacentSwap,8,4,1.0,random_optimization,random_gaussian,generic,4.484207165580226,1.2327734680920954,1.2391140920547723,1.0000000000000002,3.795903477493981,15000,0,False,max_steps,Adjacent transpositions,exact hard gain
AdjacentSwap,8,4,2.0,random_optimization,random_gaussian,generic,2.2261820564616777,1.228246203945511,1.2302318459273394,1.0,2.633750053212636,15000,0,False,max_steps,Adjacent transpositions,exact hard gain
AdjacentSwap,8,4,3.0,random_optimization,random_gaussian,generic,5.265568380065022,1.2111680027308898,1.2125940260614647,1.0,2.716003022441055,15000,0,False,max_steps,Adjacent transpositions,exact hard gain
AdjacentSwap,8,4,4.0,random_optimization,random_gaussian,generic,3.262363774822377,1.211289613466873,1.212174522803645,1.0000000000000002,2.223979005235308,15000,0,False,max_steps,Adjacent transpositions,exact hard gain
AdjacentSwap,8,4,5.0,random_optimization,random_gaussian,generic,2.8889746009640227,1.2279391911495483,1.2302318459273396,1.0,2.6720676648837727,15000,0,False,max_steps,Adjacent transpositions,exact hard gain
AdjacentSwap,8,4,6.0,random_optimization,random_gaussian,generic,4.233805674722462,1.2629050981719927,1.2629050974799017,1.0,4.5076565848631045,15000,0,False,max_steps,Adjacent transpositions,exact hard gain
AdjacentSwap,8,4,7.0,random_optimization,random_gaussian,generic,2.799200704084827,1.2118749863168043,1.2125940260614645,1.0,2.7129191860793127,15000,0,False,max_steps,Adjacent transpositions,exact hard gain
AdjacentSwap,8,4,8.0,random_optimization,random_gaussian,generic,4.63798321312224,1.2513252106927968,1.2528758719749111,1.0000000000000002,1.7505187199760364,15000,0,False,max_steps,Adjacent transpositions,exact hard gain
AdjacentSwap,8,4,9.0,random_optimization,random_gaussian,generic,3.3779136535429206,1.2065334744207634,1.2070278819750102,1.0,2.2240083710332352,15000,0,False,max_steps,Adjacent transpositions,exact hard gain
AdjacentSwap,8,5,0.0,random_optimization,random_gaussian,generic,2.0260033780144115,1.149235455975347,1.149855561980094,1.0,1.955765154259658,15000,0,False,max_steps,Adjacent transpositions,exact hard gain
AdjacentSwap,8,5,1.0,random_optimization,random_gaussian,generic,3.207057168638895,1.1326005158433865,1.132970426598881,1.0,1.4862293954524102,15000,0,False,max_steps,Adjacent transpositions,exact hard gain
AdjacentSwap,8,5,2.0,random_optimization,random_gaussian,generic,2.562376554429365,1.136755733705611,1.1368198824221725,1.0,1.9440052408181872,15000,0,False,max_steps,Adjacent transpositions,exact hard gain
AdjacentSwap,8,5,3.0,random_optimization,random_gaussian,generic,3.2044396928025107,1.158435268410459,1.1598370048483562,1.0,1.6981791227161551,15000,0,False,max_steps,Adjacent transpositions,exact hard gain
AdjacentSwap,8,5,4.0,random_optimization,random_gaussian,generic,2.7908018902639324,1.1496819779405285,1.1498555619800943,0.9999999999999998,1.953351436949553,15000,0,False,max_steps,Adjacent transpositions,exact hard gain
AdjacentSwap,8,5,5.0,random_optimization,random_gaussian,generic,2.4503866032237256,1.14337160815903,1.145127867438454,1.0,2.1017196960226654,15000,0,False,max_steps,Adjacent transpositions,exact hard gain
AdjacentSwap,8,5,6.0,random_optimization,random_gaussian,generic,2.196328969389994,1.130922455790764,1.1311011533514306,1.0,1.4261614528931117,15000,0,False,max_steps,Adjacent transpositions,exact hard gain
AdjacentSwap,8,5,7.0,random_optimization,random_gaussian,generic,2.652734901836063,1.1497963742640906,1.1498555619800943,1.0,1.949264449527439,15000,0,False,max_steps,Adjacent transpositions,exact hard gain
AdjacentSwap,8,5,8.0,random_optimization,random_gaussian,generic,2.3256266736678928,1.1592854851027623,1.1598370048483562,1.0,1.7025061487049866,15000,0,False,max_steps,Adjacent transpositions,exact hard gain
AdjacentSwap,8,5,9.0,random_optimization,random_gaussian,generic,2.3849630082720195,1.1367523620750264,1.136819882422173,1.0000000000000002,1.943358957048936,15000,0,False,max_steps,Adjacent transpositions,exact hard gain
AdjacentSwap,8,6,0.0,random_optimization,random_gaussian,generic,3.933835599545173,1.0541776353569314,1.0548553588623484,1.0,1.3387808086697286,15000,0,False,max_steps,Adjacent transpositions,exact hard gain
AdjacentSwap,8,6,1.0,random_optimization,random_gaussian,generic,2.6401692725052013,1.0540327768345925,1.054855358862348,1.0,1.3384885168027574,15000,0,False,max_steps,Adjacent transpositions,exact hard gain
AdjacentSwap,8,6,2.0,random_optimization,random_gaussian,generic,2.252755279574324,1.0544754383130677,1.054855358862348,1.0,1.338769720316191,15000,0,False,max_steps,Adjacent transpositions,exact hard gain
AdjacentSwap,8,6,3.0,random_optimization,random_gaussian,generic,2.7631740869730224,1.0544862643296695,1.054855358862348,1.0,1.333966257648042,15000,0,False,max_steps,Adjacent transpositions,exact hard gain
AdjacentSwap,8,6,4.0,random_optimization,random_gaussian,generic,2.010940013199611,1.054683643344773,1.0548553588623475,1.0,1.3357354282254603,15000,0,False,max_steps,Adjacent transpositions,exact hard gain
AdjacentSwap,8,6,5.0,random_optimization,random_gaussian,generic,3.622862974992362,1.0922136261541495,1.092263784827795,1.0,1.3887659527061071,15000,0,False,max_steps,Adjacent transpositions,exact hard gain
AdjacentSwap,8,6,6.0,random_optimization,random_gaussian,generic,2.053927424151833,1.0913767302757411,1.0922637848277963,1.0,1.4591437232700906,15000,0,False,max_steps,Adjacent transpositions,exact hard gain
AdjacentSwap,8,6,7.0,random_optimization,random_gaussian,generic,2.175692327376076,1.0544924908079307,1.054855358862348,1.0,1.335730847396378,15000,0,False,max_steps,Adjacent transpositions,exact hard gain
AdjacentSwap,8,6,8.0,random_optimization,random_gaussian,generic,2.726844200678024,1.091248185474085,1.0918642952845918,1.0000000000000002,1.4652193822829562,15000,0,False,max_steps,Adjacent transpositions,exact hard gain
AdjacentSwap,8,6,9.0,random_optimization,random_gaussian,generic,2.132705249267448,1.054235534498938,1.054855358862348,1.0,1.33953179533222,15000,0,False,max_steps,Adjacent transpositions,exact hard gain
AdjacentSwap,8,7,0.0,random_optimization,random_gaussian,generic,2.188427053810852,1.000000000509809,1.000000000509809,1.0,1.000000001021783,400,0,True,gain_one_reached,Adjacent transpositions,exact hard gain
AdjacentSwap,8,7,1.0,random_optimization,random_gaussian,generic,1.8445584882941235,1.000000000948069,1.000000000948069,1.0,1.0000000027076357,433,0,True,gain_one_reached,Adjacent transpositions,exact hard gain
AdjacentSwap,8,7,2.0,random_optimization,random_gaussian,generic,2.561016528415739,1.000000000521221,1.000000000521221,1.0,1.0000000018215622,423,0,True,gain_one_reached,Adjacent transpositions,exact hard gain
AdjacentSwap,8,7,3.0,random_optimization,random_gaussian,generic,2.584328680666628,1.0000000007130456,1.0000000007130456,1.0,1.0000000015236634,395,0,True,gain_one_reached,Adjacent transpositions,exact hard gain
AdjacentSwap,8,7,4.0,random_optimization,random_gaussian,generic,1.9970136418281688,1.0000000005139855,1.0000000005139855,1.0,1.0000000009475405,400,0,True,gain_one_reached,Adjacent transpositions,exact hard gain
AdjacentSwap,8,7,5.0,random_optimization,random_gaussian,generic,2.413763798989442,1.0000000000052995,1.0000000000052995,1.0,1.0000000000184437,498,0,True,gain_one_reached,Adjacent transpositions,exact hard gain
AdjacentSwap,8,7,6.0,random_optimization,random_gaussian,generic,4.014107262129605,1.0000000002815237,1.0000000002815237,1.0,1.0000000008458578,450,0,True,gain_one_reached,Adjacent transpositions,exact hard gain
AdjacentSwap,8,7,7.0,random_optimization,random_gaussian,generic,2.972884471529504,1.00000000067662,1.00000000067662,0.9999999999999998,1.0000000019404358,406,0,True,gain_one_reached,Adjacent transpositions,exact hard gain
AdjacentSwap,8,7,8.0,random_optimization,random_gaussian,generic,2.3992277058110973,1.0000000004590293,1.0000000004590293,1.0,1.0000000008625396,407,0,True,gain_one_reached,Adjacent transpositions,exact hard gain
AdjacentSwap,8,7,9.0,random_optimization,random_gaussian,generic,2.0769501118485083,1.000000000055054,1.000000000055054,1.0,1.0000000001549243,446,0,True,gain_one_reached,Adjacent transpositions,exact hard gain
AllSwap,8,1,0.0,random_optimization,random_gaussian,generic,16.641306906756185,5.535852320729059,5.53585232048901,1.0,9.9846882426082,15000,0,False,max_steps,Complete transpositions,exact hard gain
AllSwap,8,1,1.0,random_optimization,random_gaussian,generic,54.55549461891773,5.5358523213184965,5.535852320489006,1.0,9.984688245589725,15000,0,False,max_steps,Complete transpositions,exact hard gain
AllSwap,8,1,2.0,random_optimization,random_gaussian,generic,55.291705959948864,5.535852320568658,5.53585232048901,1.0,9.984688242260788,15000,0,False,max_steps,Complete transpositions,exact hard gain
AllSwap,8,1,3.0,random_optimization,random_gaussian,generic,34.051065924547586,5.5358523212081865,5.535852320489014,1.0,9.984688244650098,15000,0,False,max_steps,Complete transpositions,exact hard gain
AllSwap,8,1,4.0,random_optimization,random_gaussian,generic,44.30263204330329,5.5358523207410295,5.535852320489006,1.0,9.984688242016194,15000,0,False,max_steps,Complete transpositions,exact hard gain
AllSwap,8,1,5.0,random_optimization,random_gaussian,generic,55.69349884879797,5.535852320979506,5.535852320489014,1.0,9.9846882403101,15000,0,False,max_steps,Complete transpositions,exact hard gain
AllSwap,8,1,6.0,random_optimization,random_gaussian,generic,33.176333281374866,5.535852321062576,5.535852320489009,1.0,9.984688242064935,15000,0,False,max_steps,Complete transpositions,exact hard gain
AllSwap,8,1,7.0,random_optimization,random_gaussian,generic,12.8277424076903,5.535852320987515,5.535852320489008,1.0,9.984688247253906,15000,0,False,max_steps,Complete transpositions,exact hard gain
AllSwap,8,1,8.0,random_optimization,random_gaussian,generic,54.49344079731081,5.53585232109744,5.53585232048901,1.0,9.984688247197216,15000,0,False,max_steps,Complete transpositions,exact hard gain
AllSwap,8,1,9.0,random_optimization,random_gaussian,generic,106.50444705049534,5.535852320584184,5.535852320489007,1.0,9.984688240611003,15000,0,False,max_steps,Complete transpositions,exact hard gain
AllSwap,8,2,0.0,random_optimization,random_gaussian,generic,7.229983933570351,2.3266380056971685,2.328597146749677,1.0,3.232807367581348,15000,0,False,max_steps,Complete transpositions,exact hard gain
AllSwap,8,2,1.0,random_optimization,random_gaussian,generic,6.502687490735534,2.3270977630910736,2.3285971467496744,1.0,3.236730845025332,15000,0,False,max_steps,Complete transpositions,exact hard gain
AllSwap,8,2,2.0,random_optimization,random_gaussian,generic,6.062289761737363,2.32708832577198,2.328597146749672,1.0,3.239112480124184,15000,0,False,max_steps,Complete transpositions,exact hard gain
AllSwap,8,2,3.0,random_optimization,random_gaussian,generic,11.02696881453309,2.327125221297107,2.3285971467496736,1.0,3.218024789543805,15000,0,False,max_steps,Complete transpositions,exact hard gain
AllSwap,8,2,4.0,random_optimization,random_gaussian,generic,7.127997741577263,2.3272322519321484,2.3285971467496767,1.0,3.2302498706112,15000,0,False,max_steps,Complete transpositions,exact hard gain
AllSwap,8,2,5.0,random_optimization,random_gaussian,generic,17.224041518881172,2.32477037253896,2.328597146749672,1.0,3.231131619322676,15000,0,False,max_steps,Complete transpositions,exact hard gain
AllSwap,8,2,6.0,random_optimization,random_gaussian,generic,12.398250750051696,2.3269289968630646,2.3285971467496727,1.0000000000000002,3.2074936381259764,15000,0,False,max_steps,Complete transpositions,exact hard gain
AllSwap,8,2,7.0,random_optimization,random_gaussian,generic,7.541685399088119,2.3279309469857936,2.32859714674967,1.0,3.2227721243598424,15000,0,False,max_steps,Complete transpositions,exact hard gain
AllSwap,8,2,8.0,random_optimization,random_gaussian,generic,13.76938511643499,2.3264415578636366,2.328597146749674,1.0,3.215967972880862,15000,0,False,max_steps,Complete transpositions,exact hard gain
AllSwap,8,2,9.0,random_optimization,random_gaussian,generic,5.621418022907672,2.327657365055891,2.328597146749676,1.0,3.205347915916332,15000,0,False,max_steps,Complete transpositions,exact hard gain
AllSwap,8,3,0.0,random_optimization,random_gaussian,generic,4.843100007099807,1.8204691320030952,1.8208761134943263,1.0,1.8204691320030952,15000,0,False,max_steps,Complete transpositions,exact hard gain
AllSwap,8,3,1.0,random_optimization,random_gaussian,generic,5.592259767029178,1.555967051646242,1.5559670515357038,1.0,1.555967051671307,15000,0,False,max_steps,Complete transpositions,exact hard gain
AllSwap,8,3,2.0,random_optimization,random_gaussian,generic,2.8197697549376675,1.8036836704635484,1.8037945700012608,1.0,1.805459483179588,15000,0,False,max_steps,Complete transpositions,exact hard gain
AllSwap,8,3,3.0,random_optimization,random_gaussian,generic,8.744824087300485,1.5559670516715631,1.5559670515357034,1.0,1.5559670517052848,15000,0,False,max_steps,Complete transpositions,exact hard gain
AllSwap,8,3,4.0,random_optimization,random_gaussian,generic,8.108824371610377,1.5559670518815,1.5559670515357034,1.0,1.5559670520698,15000,0,False,max_steps,Complete transpositions,exact hard gain
AllSwap,8,3,5.0,random_optimization,random_gaussian,generic,14.07510588012214,1.8207138293389256,1.820876113494326,1.0,1.8207138293389256,15000,0,False,max_steps,Complete transpositions,exact hard gain
AllSwap,8,3,6.0,random_optimization,random_gaussian,generic,3.4759544097660644,1.5559670517453112,1.5559670515357045,1.0,1.555967051745311,15000,0,False,max_steps,Complete transpositions,exact hard gain
AllSwap,8,3,7.0,random_optimization,random_gaussian,generic,2.999065130479681,1.5559670516024704,1.5559670515357025,0.9999999999999998,1.5559670516039306,15000,0,False,max_steps,Complete transpositions,exact hard gain
AllSwap,8,3,8.0,random_optimization,random_gaussian,generic,6.221532863745702,1.820528415801252,1.820876113494324,1.0000000000000002,1.8205284158012525,15000,0,False,max_steps,Complete transpositions,exact hard gain
AllSwap,8,3,9.0,random_optimization,random_gaussian,generic,3.809907904823247,1.820630774771199,1.820876113494324,0.9999999999999998,1.8206307747711985,15000,0,False,max_steps,Complete transpositions,exact hard gain
AllSwap,8,4,0.0,random_optimization,random_gaussian,generic,3.4745643455070523,1.4142135632966817,1.4142135623730976,1.0,1.4142135632966812,15000,0,False,max_steps,Complete transpositions,exact hard gain
AllSwap,8,4,1.0,random_optimization,random_gaussian,generic,4.693569695204409,1.414213562501062,1.4142135623730987,1.0,1.4142135625010617,15000,0,False,max_steps,Complete transpositions,exact hard gain
AllSwap,8,4,2.0,random_optimization,random_gaussian,generic,3.75091495302689,1.4142135629527488,1.4142135623730987,1.0,1.4142135629527486,15000,0,False,max_steps,Complete transpositions,exact hard gain
AllSwap,8,4,3.0,random_optimization,random_gaussian,generic,5.265568380065022,1.4142135632217965,1.4142135623731005,1.0000000000000002,1.414213563272963,15000,0,False,max_steps,Complete transpositions,exact hard gain
AllSwap,8,4,4.0,random_optimization,random_gaussian,generic,4.018049581692626,1.4142135625331207,1.4142135623730974,1.0,1.414213562569613,15000,0,False,max_steps,Complete transpositions,exact hard gain
AllSwap,8,4,5.0,random_optimization,random_gaussian,generic,3.4507482789500696,1.414213562905495,1.4142135623730978,1.0,1.414213562905495,15000,0,False,max_steps,Complete transpositions,exact hard gain
AllSwap,8,4,6.0,random_optimization,random_gaussian,generic,4.233805674722462,1.4142135625988057,1.414213562373099,1.0,1.4142135625988053,15000,0,False,max_steps,Complete transpositions,exact hard gain
AllSwap,8,4,7.0,random_optimization,random_gaussian,generic,3.537548987600648,1.4142135627871877,1.4142135623730994,1.0,1.4142135627871877,15000,0,False,max_steps,Complete transpositions,exact hard gain
AllSwap,8,4,8.0,random_optimization,random_gaussian,generic,4.637983213122241,1.414213562766411,1.4142135623731005,0.9999999999999996,1.414213562838419,15000,0,False,max_steps,Complete transpositions,exact hard gain
AllSwap,8,4,9.0,random_optimization,random_gaussian,generic,4.510093083422452,1.4142135627003267,1.4142135623731005,1.0,1.4142135627003267,15000,0,False,max_steps,Complete transpositions,exact hard gain
AllSwap,8,5,0.0,random_optimization,random_gaussian,generic,2.7983912879867217,1.3060168573180058,1.30666466868885,1.0,1.3060168573180058,15000,0,False,max_steps,Complete transpositions,exact hard gain
AllSwap,8,5,1.0,random_optimization,random_gaussian,generic,3.4830189221841765,1.3063514164627208,1.3066646686888508,1.0000000000000002,1.306351416462721,15000,0,False,max_steps,Complete transpositions,exact hard gain
AllSwap,8,5,2.0,random_optimization,random_gaussian,generic,2.562376554429365,1.3061768740369362,1.3066646686888497,1.0,1.3061768740369362,15000,0,False,max_steps,Complete transpositions,exact hard gain
AllSwap,8,5,3.0,random_optimization,random_gaussian,generic,3.4415833971436625,1.3059748434824374,1.306664668688849,1.0,1.3059748434824374,15000,0,False,max_steps,Complete transpositions,exact hard gain
AllSwap,8,5,4.0,random_optimization,random_gaussian,generic,2.790801890263933,1.306220421446104,1.3066646686888497,1.0,1.3062204214461035,15000,0,False,max_steps,Complete transpositions,exact hard gain
AllSwap,8,5,5.0,random_optimization,random_gaussian,generic,2.4503866032237256,1.3062725025196773,1.3066646686888503,1.0,1.3062725025196773,15000,0,False,max_steps,Complete transpositions,exact hard gain
AllSwap,8,5,6.0,random_optimization,random_gaussian,generic,2.6567416616504858,1.3043331627254149,1.3066646686888497,1.0,1.3043331627254144,15000,0,False,max_steps,Complete transpositions,exact hard gain
AllSwap,8,5,7.0,random_optimization,random_gaussian,generic,3.351820487164741,1.3059918853790924,1.3066646686888512,1.0,1.3059918853790922,15000,0,False,max_steps,Complete transpositions,exact hard gain
AllSwap,8,5,8.0,random_optimization,random_gaussian,generic,3.259619265873797,1.3063663369096317,1.3066646686888477,0.9999999999999998,1.3063663369096314,15000,0,False,max_steps,Complete transpositions,exact hard gain
AllSwap,8,5,9.0,random_optimization,random_gaussian,generic,3.720031903407368,1.305541889143083,1.3066646686888483,1.0,1.305541889143083,15000,0,False,max_steps,Complete transpositions,exact hard gain
AllSwap,8,6,0.0,random_optimization,random_gaussian,generic,3.933835599545173,1.1710653749173003,1.1710653744328232,1.0,1.1710653749173,15000,0,False,max_steps,Complete transpositions,exact hard gain
AllSwap,8,6,1.0,random_optimization,random_gaussian,generic,2.6617585196193567,1.154700538966242,1.1547005383792537,1.0,1.1547005389662417,15000,0,False,max_steps,Complete transpositions,exact hard gain
AllSwap,8,6,2.0,random_optimization,random_gaussian,generic,2.270761533577752,1.1710653749990976,1.1710653744328223,0.9999999999999998,1.171065375070174,15000,0,False,max_steps,Complete transpositions,exact hard gain
AllSwap,8,6,3.0,random_optimization,random_gaussian,generic,3.067966762149408,1.1547005383860045,1.1547005383792537,1.0,1.1547005383862292,15000,0,False,max_steps,Complete transpositions,exact hard gain
AllSwap,8,6,4.0,random_optimization,random_gaussian,generic,2.8751252726391656,1.154700538572196,1.1547005383792537,1.0,1.1547005385906657,15000,0,False,max_steps,Complete transpositions,exact hard gain
AllSwap,8,6,5.0,random_optimization,random_gaussian,generic,3.865220108279289,1.1547005390258969,1.1547005383792537,1.0,1.154700539075618,15000,0,False,max_steps,Complete transpositions,exact hard gain
AllSwap,8,6,6.0,random_optimization,random_gaussian,generic,2.301785233432684,1.1547005386892313,1.1547005383792537,1.0,1.154700538689231,15000,0,False,max_steps,Complete transpositions,exact hard gain
AllSwap,8,6,7.0,random_optimization,random_gaussian,generic,2.952856004135253,1.1547005386413751,1.1547005383792537,1.0,1.1547005386413751,15000,0,False,max_steps,Complete transpositions,exact hard gain
AllSwap,8,6,8.0,random_optimization,random_gaussian,generic,4.33355459803731,1.1710653745725823,1.1710653744328234,1.0,1.1710653745725823,15000,0,False,max_steps,Complete transpositions,exact hard gain
AllSwap,8,6,9.0,random_optimization,random_gaussian,generic,2.323629568335408,1.1547005385865208,1.1547005383792537,1.0000000000000002,1.154700538586521,15000,0,False,max_steps,Complete transpositions,exact hard gain
AllSwap,8,7,0.0,random_optimization,random_gaussian,generic,2.467050457055998,1.0000000006930312,1.0000000006930312,1.0,1.000000000693031,400,0,True,gain_one_reached,Complete transpositions,exact hard gain
AllSwap,8,7,1.0,random_optimization,random_gaussian,generic,2.735759681176009,1.0000000004321783,1.0000000004321783,0.9999999999999998,1.0000000004926513,420,0,True,gain_one_reached,Complete transpositions,exact hard gain
AllSwap,8,7,2.0,random_optimization,random_gaussian,generic,2.561016528415739,1.000000000962742,1.000000000962742,0.9999999999999998,1.0000000010807604,399,0,True,gain_one_reached,Complete transpositions,exact hard gain
AllSwap,8,7,3.0,random_optimization,random_gaussian,generic,2.584328680666628,1.0000000007284169,1.0000000007284169,1.0,1.0000000007284169,396,0,True,gain_one_reached,Complete transpositions,exact hard gain
AllSwap,8,7,4.0,random_optimization,random_gaussian,generic,2.5718818134696946,1.000000000441853,1.000000000441853,1.0000000000000002,1.0000000004418532,403,0,True,gain_one_reached,Complete transpositions,exact hard gain
AllSwap,8,7,5.0,random_optimization,random_gaussian,generic,2.413763798989442,1.0000000006631773,1.0000000006631773,1.0000000000000002,1.0000000007201,415,0,True,gain_one_reached,Complete transpositions,exact hard gain
AllSwap,8,7,6.0,random_optimization,random_gaussian,generic,4.014107262129604,1.0000000005370455,1.0000000005370455,1.0,1.0000000005498042,421,0,True,gain_one_reached,Complete transpositions,exact hard gain
AllSwap,8,7,7.0,random_optimization,random_gaussian,generic,3.148687848549087,1.0000000000012412,1.0000000000012412,1.0,1.0000000000014857,536,0,True,gain_one_reached,Complete transpositions,exact hard gain
AllSwap,8,7,8.0,random_optimization,random_gaussian,generic,2.7270340070183456,1.0000000002862333,1.0000000002862333,1.0,1.0000000002862333,412,0,True,gain_one_reached,Complete transpositions,exact hard gain
AllSwap,8,7,9.0,random_optimization,random_gaussian,generic,2.0769501118485088,1.0000000003143477,1.0000000003143477,1.0,1.0000000003143474,406,0,True,gain_one_reached,Complete transpositions,exact hard gain
Cycle,10,1,0.0,random_optimization,random_gaussian,generic,33.842499918266654,4.963606655276984,4.97548146478847,1.0,68.77970732129047,15000,0,False,max_steps,Cycle,exact hard gain
Cycle,10,1,1.0,random_optimization,random_gaussian,generic,17.95511137787369,4.666723624838457,4.682964497060261,1.0,20.2011203466245,15000,0,False,max_steps,Cycle,exact hard gain
Cycle,10,1,2.0,random_optimization,random_gaussian,generic,29.00724198087639,2.981963980688433,2.9852188749662814,1.0,25.27586784631255,15000,0,False,max_steps,Cycle,exact hard gain
Cycle,10,1,3.0,random_optimization,random_gaussian,generic,66.45445924545473,3.5091152753116472,3.517596381778455,1.0,63.26139806143665,15000,0,False,max_steps,Cycle,exact hard gain
Cycle,10,1,4.0,random_optimization,random_gaussian,generic,60.76684625278237,5.691058568178879,5.69864745625097,1.0,24.952393199633168,15000,0,False,max_steps,Cycle,exact hard gain
Cycle,10,1,5.0,random_optimization,random_gaussian,generic,26.80395761024163,5.233694085579639,5.236441397099452,1.0,15.592245524675423,15000,0,False,max_steps,Cycle,exact hard gain
Cycle,10,1,6.0,random_optimization,random_gaussian,generic,33.70245366943031,4.806714962737154,4.808365092374356,1.0,41.775251147939365,15000,0,False,max_steps,Cycle,exact hard gain
Cycle,10,1,7.0,random_optimization,random_gaussian,generic,12.827742407690298,5.10433625271477,5.113359926986396,1.0,21.92404516485587,15000,0,False,max_steps,Cycle,exact hard gain
Cycle,10,1,8.0,random_optimization,random_gaussian,generic,36.58853825378979,2.917923293696054,2.917923293642994,1.0,223.47680869373016,15000,0,False,max_steps,Cycle,exact hard gain
Cycle,10,1,9.0,random_optimization,random_gaussian,generic,39.39102832005072,3.768091919304326,3.779100664812087,1.0,16.54098922757042,15000,0,False,max_steps,Cycle,exact hard gain
Cycle,10,2,0.0,random_optimization,random_gaussian,generic,33.16020304858486,1.0067051521059882,1.00670515153836,1.000000000000008,150.50129903461607,15000,0,False,max_steps,Cycle,exact hard gain
Cycle,10,2,1.0,random_optimization,random_gaussian,generic,6.400351581971701,1.2817314389904386,1.2817314384278982,0.9999999999999984,1224.187481422985,15000,0,False,max_steps,Cycle,exact hard gain
Cycle,10,2,2.0,random_optimization,random_gaussian,generic,6.793010704250188,1.00000000043087,1.00000000043087,0.9999999999999998,3.2360679795711818,1022,0,True,gain_one_reached,Cycle,exact hard gain
Cycle,10,2,3.0,random_optimization,random_gaussian,generic,12.850698497020762,1.0000000009242025,1.0000000009242025,1.0,3.236067982283987,1322,0,True,gain_one_reached,Cycle,exact hard gain
Cycle,10,2,4.0,random_optimization,random_gaussian,generic,6.726941070429238,1.0057791573668848,1.005779156771606,0.9999999999999972,174.41104215727938,15000,0,False,max_steps,Cycle,exact hard gain
Cycle,10,2,5.0,random_optimization,random_gaussian,generic,31.61345575556088,1.169043914889314,1.1701988584598804,1.0000000000000022,81.2613136860214,15000,0,False,max_steps,Cycle,exact hard gain
Cycle,10,2,6.0,random_optimization,random_gaussian,generic,8.157020671083274,1.4922594847278552,1.4930923887789882,1.0,11.100192212530484,15000,0,False,max_steps,Cycle,exact hard gain
Cycle,10,2,7.0,random_optimization,random_gaussian,generic,8.554578334245303,1.000000000300777,1.000000000300777,1.0,3.23606797956783,1078,0,True,gain_one_reached,Cycle,exact hard gain
Cycle,10,2,8.0,random_optimization,random_gaussian,generic,6.778153570526272,1.0044608971637807,1.0044608964144262,1.0000000000000044,199.77506343791788,15000,0,False,max_steps,Cycle,exact hard gain
Cycle,10,2,9.0,random_optimization,random_gaussian,generic,7.310835386442103,1.5065025036493622,1.5067746800183164,1.0000000000000004,11.971160206171744,15000,0,False,max_steps,Cycle,exact hard gain
Cycle,10,3,0.0,random_optimization,random_gaussian,generic,4.939815473352534,1.0000000006501208,1.0000000006501208,0.9999999999999998,2.50779660464299,606,0,True,gain_one_reached,Cycle,exact hard gain
Cycle,10,3,1.0,random_optimization,random_gaussian,generic,7.49272417761823,1.000044132369979,1.0000459950028011,1.0000000000000002,3.235869862814264,15000,0,False,max_steps,Cycle,exact hard gain
Cycle,10,3,2.0,random_optimization,random_gaussian,generic,2.6206536845783543,1.0000304258709147,1.0000644315298224,1.0,3.2359431949729043,15000,0,False,max_steps,Cycle,exact hard gain
Cycle,10,3,3.0,random_optimization,random_gaussian,generic,6.455100899833793,1.000532742695271,1.0005752327905175,1.0,36.50622725733019,15000,0,False,max_steps,Cycle,exact hard gain
Cycle,10,3,4.0,random_optimization,random_gaussian,generic,4.1609066643476655,1.0027377754408973,1.0027377745674506,1.0000000000000002,17.667753914750993,15000,0,False,max_steps,Cycle,exact hard gain
Cycle,10,3,5.0,random_optimization,random_gaussian,generic,3.69464315660382,1.0002528292770445,1.0002528285021135,1.0000000000000002,15.660453725468312,15000,0,False,max_steps,Cycle,exact hard gain
Cycle,10,3,6.0,random_optimization,random_gaussian,generic,2.4726396930265127,1.0000000003808536,1.0000000003808536,1.0,2.2076787871857144,532,0,True,gain_one_reached,Cycle,exact hard gain
Cycle,10,3,7.0,random_optimization,random_gaussian,generic,3.131809484867049,1.0000351817148232,1.0000473558107312,1.0,3.235801591394204,15000,0,False,max_steps,Cycle,exact hard gain
Cycle,10,3,8.0,random_optimization,random_gaussian,generic,7.3883943105652605,1.000000000830744,1.000000000830744,1.0000000000000002,2.022109504251691,780,0,True,gain_one_reached,Cycle,exact hard gain
Cycle,10,3,9.0,random_optimization,random_gaussian,generic,3.1891597184178173,1.000111855768767,1.0001219528054868,1.0000000000000009,49.949870485200194,15000,0,False,max_steps,Cycle,exact hard gain
Cycle,10,4,0.0,random_optimization,random_gaussian,generic,2.681462046276218,1.002047038935211,1.0020470386938918,0.9999999999999976,134.77114968619574,15000,0,False,max_steps,Cycle,exact hard gain
Cycle,10,4,1.0,random_optimization,random_gaussian,generic,3.730614621540489,1.000043457456531,1.000043457235318,1.0,2.133182380265398,15000,0,False,max_steps,Cycle,exact hard gain
Cycle,10,4,2.0,random_optimization,random_gaussian,generic,2.2767853539157827,1.00001976736428,1.0000291675054322,1.0000000000000002,1.90776362364892,15000,0,False,max_steps,Cycle,exact hard gain
Cycle,10,4,3.0,random_optimization,random_gaussian,generic,3.873626721077319,1.000080291892198,1.0001515620181016,1.0000000000000002,3.9709571371885306,15000,0,False,max_steps,Cycle,exact hard gain
Cycle,10,4,4.0,random_optimization,random_gaussian,generic,3.645774400559087,1.0042313792374225,1.0042381301409538,1.0,64.36585587266912,15000,0,False,max_steps,Cycle,exact hard gain
Cycle,10,4,5.0,random_optimization,random_gaussian,generic,3.1577001594145546,1.0000167432727447,1.000030779008091,1.0,2.0838565743290154,15000,0,False,max_steps,Cycle,exact hard gain
Cycle,10,4,6.0,random_optimization,random_gaussian,generic,4.215105701262353,1.0023048422543923,1.002304842128813,1.0,127.88923034120592,15000,0,False,max_steps,Cycle,exact hard gain
Cycle,10,4,7.0,random_optimization,random_gaussian,generic,2.7712937747493687,1.0000478403411943,1.000062494973608,1.0000000000000002,3.092306401812778,15000,0,False,max_steps,Cycle,exact hard gain
Cycle,10,4,8.0,random_optimization,random_gaussian,generic,2.685720022725403,1.0000750379921044,1.0000823050993397,1.0,3.74254690600338,15000,0,False,max_steps,Cycle,exact hard gain
Cycle,10,4,9.0,random_optimization,random_gaussian,generic,3.9962728252277655,1.000047781885137,1.0000549958399332,1.0,3.4295416113459707,15000,0,False,max_steps,Cycle,exact hard gain
Cycle,10,5,0.0,random_optimization,random_gaussian,generic,2.86785262909654,1.0000896021555938,1.000138363827993,1.0,4.152202264068907,15000,0,False,max_steps,Cycle,exact hard gain
Cycle,10,5,1.0,random_optimization,random_gaussian,generic,8.341873642285085,1.0000000005034675,1.0000000005034675,1.0,1.6219820127191054,537,0,True,gain_one_reached,Cycle,exact hard gain
Cycle,10,5,2.0,random_optimization,random_gaussian,generic,4.340603287660936,1.000000000469744,1.000000000469744,1.0,2.153250559561767,8463,0,True,gain_one_reached,Cycle,exact hard gain
Cycle,10,5,3.0,random_optimization,random_gaussian,generic,2.9469828294937805,1.0000000004013865,1.0000000004013865,1.0,1.8658770359370085,1509,0,True,gain_one_reached,Cycle,exact hard gain
Cycle,10,5,4.0,random_optimization,random_gaussian,generic,3.816513403898944,1.0000000003143426,1.0000000003143426,1.0,2.342321955622141,689,0,True,gain_one_reached,Cycle,exact hard gain
Cycle,10,5,5.0,random_optimization,random_gaussian,generic,2.259100008420406,1.0016035396225875,1.002087627362812,1.0,20.29395131886645,15000,0,False,max_steps,Cycle,exact hard gain
Cycle,10,5,6.0,random_optimization,random_gaussian,generic,3.1468154970870708,1.0000000009186931,1.0000000009186931,1.0000000000000002,1.6180339902727516,6243,0,True,gain_one_reached,Cycle,exact hard gain
Cycle,10,5,7.0,random_optimization,random_gaussian,generic,4.194211736662684,1.0000000005217462,1.0000000005217462,0.9999999999999998,1.951955901671342,6946,0,True,gain_one_reached,Cycle,exact hard gain
Cycle,10,5,8.0,random_optimization,random_gaussian,generic,2.523615107057492,1.00000000079974,1.00000000079974,1.0,1.9430283362658385,727,0,True,gain_one_reached,Cycle,exact hard gain
Cycle,10,5,9.0,random_optimization,random_gaussian,generic,3.4007687532465454,1.000000000147679,1.000000000147679,1.0,1.4690469380305566,435,0,True,gain_one_reached,Cycle,exact hard gain
Cycle,10,6,0.0,random_optimization,random_gaussian,generic,4.441789059234931,1.0000000001068103,1.0000000001068103,1.0,1.9568047389244008,533,0,True,gain_one_reached,Cycle,exact hard gain
Cycle,10,6,1.0,random_optimization,random_gaussian,generic,2.2299667616989858,1.0000385704694994,1.0000385703563257,1.0,2.142195999763194,15000,0,False,max_steps,Cycle,exact hard gain
Cycle,10,6,2.0,random_optimization,random_gaussian,generic,2.4072090063037392,1.0000877290802264,1.000087728518628,0.9999999999999998,3.806487706072952,15000,0,False,max_steps,Cycle,exact hard gain
Cycle,10,6,3.0,random_optimization,random_gaussian,generic,2.0708853675136227,1.0000000007872027,1.0000000007872027,1.0,1.8238667386163865,925,0,True,gain_one_reached,Cycle,exact hard gain
Cycle,10,6,4.0,random_optimization,random_gaussian,generic,2.9673667134365003,1.000024533399108,1.000026251297963,1.0,1.618013682212733,15000,0,False,max_steps,Cycle,exact hard gain
Cycle,10,6,5.0,random_optimization,random_gaussian,generic,3.769117743773015,1.000025162094646,1.000025162030278,1.0,1.7419662115336538,15000,0,False,max_steps,Cycle,exact hard gain
Cycle,10,6,6.0,random_optimization,random_gaussian,generic,1.848738466216828,1.0000322546879732,1.0000516401329005,1.0,1.811107866872516,15000,0,False,max_steps,Cycle,exact hard gain
Cycle,10,6,7.0,random_optimization,random_gaussian,generic,2.2952063974875263,1.0000134239813718,1.0000172216492962,1.0,1.4791625492292084,15000,0,False,max_steps,Cycle,exact hard gain
Cycle,10,6,8.0,random_optimization,random_gaussian,generic,2.486392019927717,1.000000000500949,1.000000000500949,0.9999999999999998,2.565391563029642,5062,0,True,gain_one_reached,Cycle,exact hard gain
Cycle,10,6,9.0,random_optimization,random_gaussian,generic,2.757540577720957,1.0000212012871268,1.0000500567961408,1.0,2.2108745855940333,15000,0,False,max_steps,Cycle,exact hard gain
Cycle,10,7,0.0,random_optimization,random_gaussian,generic,1.7708079942442965,1.0000000004285374,1.0000000004285374,0.9999999999999998,1.5513856225108686,514,0,True,gain_one_reached,Cycle,exact hard gain
Cycle,10,7,1.0,random_optimization,random_gaussian,generic,1.96699808789402,1.000000000063593,1.000000000063593,1.0000000000000002,2.5003740563923547,863,0,True,gain_one_reached,Cycle,exact hard gain
Cycle,10,7,2.0,random_optimization,random_gaussian,generic,2.348567096590248,1.0000446301707069,1.000057547013031,1.0,1.8017732987279125,15000,0,False,max_steps,Cycle,exact hard gain
Cycle,10,7,3.0,random_optimization,random_gaussian,generic,2.6079744749963902,1.0000000003165683,1.0000000003165683,1.0,2.0919427500175614,523,0,True,gain_one_reached,Cycle,exact hard gain
Cycle,10,7,4.0,random_optimization,random_gaussian,generic,1.9279716029270992,1.0000461568106722,1.000046156236028,1.0000000000000002,1.7753122676976374,15000,0,False,max_steps,Cycle,exact hard gain
Cycle,10,7,5.0,random_optimization,random_gaussian,generic,1.9778632127374145,1.0000081981140718,1.0000321381488475,1.0000000000000002,1.4472732095999383,15000,0,False,max_steps,Cycle,exact hard gain
Cycle,10,7,6.0,random_optimization,random_gaussian,generic,2.010828293170596,1.0000000002525156,1.0000000002525156,0.9999999999999998,1.5631774079069365,7136,0,True,gain_one_reached,Cycle,exact hard gain
Cycle,10,7,7.0,random_optimization,random_gaussian,generic,3.148687848549087,1.0000000004992844,1.0000000004992844,1.0,1.6940399789212084,473,0,True,gain_one_reached,Cycle,exact hard gain
Cycle,10,7,8.0,random_optimization,random_gaussian,generic,2.1920495701272533,1.0000000002261704,1.0000000002261704,1.0000000000000002,1.9039541881021511,6359,0,True,gain_one_reached,Cycle,exact hard gain
Cycle,10,7,9.0,random_optimization,random_gaussian,generic,2.3586233213753114,1.0000071992030697,1.000048509542289,1.0,1.3978066436937229,15000,0,False,max_steps,Cycle,exact hard gain
Cycle,10,8,0.0,random_optimization,random_gaussian,generic,2.079625150579956,1.0000113846418113,1.000020204687977,1.0,1.2859902997695332,15000,0,False,max_steps,Cycle,exact hard gain
Cycle,10,8,1.0,random_optimization,random_gaussian,generic,3.92930302677717,1.0000165862669232,1.0000165861170345,1.0,1.2308530710130277,15000,0,False,max_steps,Cycle,exact hard gain
Cycle,10,8,2.0,random_optimization,random_gaussian,generic,2.224875754669408,1.000020096292186,1.000035556619824,0.9999999999999998,1.4330960688000984,15000,0,False,max_steps,Cycle,exact hard gain
Cycle,10,8,3.0,random_optimization,random_gaussian,generic,2.3110898089877443,1.0000106548619905,1.0000233319578136,1.0,1.3406575126455302,15000,0,False,max_steps,Cycle,exact hard gain
Cycle,10,8,4.0,random_optimization,random_gaussian,generic,2.206553737238393,1.0000182789983487,1.000018278202602,1.0,1.3051417483731838,15000,0,False,max_steps,Cycle,exact hard gain
Cycle,10,8,5.0,random_optimization,random_gaussian,generic,1.8575895787814685,1.000007461224326,1.0000074610016911,0.9999999999999998,1.3680864851495127,15000,0,False,max_steps,Cycle,exact hard gain
Cycle,10,8,6.0,random_optimization,random_gaussian,generic,2.1654793153065044,1.0000155862184026,1.0000258699073112,1.0,1.3871032703206605,15000,0,False,max_steps,Cycle,exact hard gain
Cycle,10,8,7.0,random_optimization,random_gaussian,generic,2.1663336534030195,1.0000001638900522,1.0000001647796375,1.0000000000000002,1.3978851027664796,15000,0,False,max_steps,Cycle,exact hard gain
Cycle,10,8,8.0,random_optimization,random_gaussian,generic,2.37800947260233,1.0000115920438808,1.0000158017099654,1.0,1.3738106117700588,15000,0,False,max_steps,Cycle,exact hard gain
Cycle,10,8,9.0,random_optimization,random_gaussian,generic,6.716813282831859,1.000000000237008,1.000000000237008,1.0,2.0113605827559056,552,0,True,gain_one_reached,Cycle,exact hard gain
Cycle,10,9,0.0,random_optimization,random_gaussian,generic,1.8003051840697502,1.0000000004509542,1.0000000004509542,1.0,1.2711724008040557,395,0,True,gain_one_reached,Cycle,exact hard gain
Cycle,10,9,1.0,random_optimization,random_gaussian,generic,2.4717477461729485,1.0000000005282446,1.0000000005282446,0.9999999999999998,1.157573515433407,405,0,True,gain_one_reached,Cycle,exact hard gain
Cycle,10,9,2.0,random_optimization,random_gaussian,generic,1.988790710333683,1.0000000001515532,1.0000000001515532,1.0,1.486216111239035,411,0,True,gain_one_reached,Cycle,exact hard gain
Cycle,10,9,3.0,random_optimization,random_gaussian,generic,1.9485441430508847,1.000000000343669,1.000000000343669,1.0,1.3118735868134483,5901,0,True,gain_one_reached,Cycle,exact hard gain
Cycle,10,9,4.0,random_optimization,random_gaussian,generic,1.868803354970264,1.000000000952293,1.000000000952293,1.0,1.2629768523114555,382,0,True,gain_one_reached,Cycle,exact hard gain
Cycle,10,9,5.0,random_optimization,random_gaussian,generic,2.211774565378056,1.0000000005343492,1.0000000005343492,1.0,1.2791892133687428,404,0,True,gain_one_reached,Cycle,exact hard gain
Cycle,10,9,6.0,random_optimization,random_gaussian,generic,1.7704200439334052,1.0000000000204732,1.0000000000204732,1.0,1.2576810829115923,461,0,True,gain_one_reached,Cycle,exact hard gain
Cycle,10,9,7.0,random_optimization,random_gaussian,generic,1.904474538589384,1.0000000007289551,1.0000000007289551,1.0000000000000002,1.297138343732168,392,0,True,gain_one_reached,Cycle,exact hard gain
Cycle,10,9,8.0,random_optimization,random_gaussian,generic,1.843692044249416,1.0000000003568117,1.0000000003568117,1.0,1.3663796525686869,451,0,True,gain_one_reached,Cycle,exact hard gain
Cycle,10,9,9.0,random_optimization,random_gaussian,generic,2.1887676673485723,1.0000000002618856,1.0000000002618856,1.0,1.2264859617919484,416,0,True,gain_one_reached,Cycle,exact hard gain
AdjacentSwap,10,1,0.0,random_optimization,random_gaussian,generic,17.68954528375583,5.794328671823162,5.798239409595337,1.0,12.316773602697502,15000,0,False,max_steps,Adjacent transpositions,exact hard gain
AdjacentSwap,10,1,1.0,random_optimization,random_gaussian,generic,27.807231302775705,5.48377562855043,5.48645670519652,1.0,12.056597367744793,15000,0,False,max_steps,Adjacent transpositions,exact hard gain
AdjacentSwap,10,1,2.0,random_optimization,random_gaussian,generic,36.511189564856615,5.022139602658403,5.030746180408248,1.0000000000000004,29.970454090680903,15000,0,False,max_steps,Adjacent transpositions,exact hard gain
AdjacentSwap,10,1,3.0,random_optimization,random_gaussian,generic,72.62473171217292,4.26077561750487,4.270914271656355,1.0,65.27194736393955,15000,0,False,max_steps,Adjacent transpositions,exact hard gain
AdjacentSwap,10,1,4.0,random_optimization,random_gaussian,generic,164.35469478693008,5.584510278620695,5.5923284255888905,1.0,15.752032986040565,15000,0,False,max_steps,Adjacent transpositions,exact hard gain
AdjacentSwap,10,1,5.0,random_optimization,random_gaussian,generic,43.14571398197309,4.960642588998049,4.969436293006676,1.0,15.386771434070988,15000,0,False,max_steps,Adjacent transpositions,exact hard gain
AdjacentSwap,10,1,6.0,random_optimization,random_gaussian,generic,20.907115395807224,5.080588147418224,5.086624003317777,1.0000000000000004,15.894483473651512,15000,0,False,max_steps,Adjacent transpositions,exact hard gain
AdjacentSwap,10,1,7.0,random_optimization,random_gaussian,generic,12.778714678420904,5.912400392776738,5.91873428654599,1.0,14.73037832072648,15000,0,False,max_steps,Adjacent transpositions,exact hard gain
AdjacentSwap,10,1,8.0,random_optimization,random_gaussian,generic,50.53025672109817,5.202697555953383,5.210932277483419,1.0,16.885688649945156,15000,0,False,max_steps,Adjacent transpositions,exact hard gain
AdjacentSwap,10,1,9.0,random_optimization,random_gaussian,generic,64.5213731684681,4.8380329537670965,4.847050070548991,1.0,21.696714520138435,15000,0,False,max_steps,Adjacent transpositions,exact hard gain
AdjacentSwap,10,2,0.0,random_optimization,random_gaussian,generic,23.17509708428571,1.6547075783970115,1.6565464966174883,0.9999999999999996,9.901899630331974,15000,0,False,max_steps,Adjacent transpositions,exact hard gain
AdjacentSwap,10,2,1.0,random_optimization,random_gaussian,generic,5.471861940511,1.648756775657326,1.6505604907554323,1.0000000000000004,16.422643904718395,15000,0,False,max_steps,Adjacent transpositions,exact hard gain
AdjacentSwap,10,2,2.0,random_optimization,random_gaussian,generic,10.005198011883191,1.6462633882449038,1.6474529876065958,1.0,9.7743845857259,15000,0,False,max_steps,Adjacent transpositions,exact hard gain
AdjacentSwap,10,2,3.0,random_optimization,random_gaussian,generic,18.40704837397591,1.9139332322684235,1.916456462696256,1.0,6.454648270126073,15000,0,False,max_steps,Adjacent transpositions,exact hard gain
AdjacentSwap,10,2,4.0,random_optimization,random_gaussian,generic,8.882509669767856,1.6458423481801314,1.648598721244177,1.0,24.38947470765392,15000,0,False,max_steps,Adjacent transpositions,exact hard gain
AdjacentSwap,10,2,5.0,random_optimization,random_gaussian,generic,40.97622039493916,1.5599115343547527,1.56060413082171,1.0,7.271110520810798,15000,0,False,max_steps,Adjacent transpositions,exact hard gain
AdjacentSwap,10,2,6.0,random_optimization,random_gaussian,generic,14.498256940145902,1.9353109195916407,1.9375322870306624,1.0000000000000002,5.916446964412816,15000,0,False,max_steps,Adjacent transpositions,exact hard gain
AdjacentSwap,10,2,7.0,random_optimization,random_gaussian,generic,6.2442905684047885,2.0394001931865966,2.0410101650400367,1.0,7.8616449518976195,15000,0,False,max_steps,Adjacent transpositions,exact hard gain
AdjacentSwap,10,2,8.0,random_optimization,random_gaussian,generic,11.21466966661132,1.703740990780109,1.7075884782743682,1.0,27.681361136560906,15000,0,False,max_steps,Adjacent transpositions,exact hard gain
AdjacentSwap,10,2,9.0,random_optimization,random_gaussian,generic,7.946644390863157,1.629298324310633,1.631086731165363,1.0,6.98993277657537,15000,0,False,max_steps,Adjacent transpositions,exact hard gain
AdjacentSwap,10,3,0.0,random_optimization,random_gaussian,generic,5.56313758541762,1.3859564977687029,1.387502232452618,1.0,7.81754752209339,15000,0,False,max_steps,Adjacent transpositions,exact hard gain
AdjacentSwap,10,3,1.0,random_optimization,random_gaussian,generic,5.173959922392552,1.410051919082989,1.4100519189303629,1.0,8.26373090798425,15000,0,False,max_steps,Adjacent transpositions,exact hard gain
AdjacentSwap,10,3,2.0,random_optimization,random_gaussian,generic,3.005816206364258,1.3915914631629644,1.3924391146268185,1.0,8.820157500869545,15000,0,False,max_steps,Adjacent transpositions,exact hard gain
AdjacentSwap,10,3,3.0,random_optimization,random_gaussian,generic,6.791526202791155,1.398119751608318,1.4012837356340424,1.0,8.697079357010603,15000,0,False,max_steps,Adjacent transpositions,exact hard gain
AdjacentSwap,10,3,4.0,random_optimization,random_gaussian,generic,3.527634930505361,1.329778131870537,1.3309150025487897,1.0000000000000002,5.116786931361856,15000,0,False,max_steps,Adjacent transpositions,exact hard gain
AdjacentSwap,10,3,5.0,random_optimization,random_gaussian,generic,4.442113385816918,1.396887102450406,1.4002749155581131,1.0,8.221243394548237,15000,0,False,max_steps,Adjacent transpositions,exact hard gain
AdjacentSwap,10,3,6.0,random_optimization,random_gaussian,generic,4.162082510446312,1.3974605834158975,1.3978782215773442,1.0,3.5767528086014657,15000,0,False,max_steps,Adjacent transpositions,exact hard gain
AdjacentSwap,10,3,7.0,random_optimization,random_gaussian,generic,2.670287560221333,1.3500604783778345,1.3509947997324443,1.0000000000000002,6.055330039139064,15000,0,False,max_steps,Adjacent transpositions,exact hard gain
AdjacentSwap,10,3,8.0,random_optimization,random_gaussian,generic,8.169177244226125,1.3864124720837183,1.386891824888583,1.0,4.964338111468476,15000,0,False,max_steps,Adjacent transpositions,exact hard gain
AdjacentSwap,10,3,9.0,random_optimization,random_gaussian,generic,2.8259888707603675,1.4076995960992604,1.4082229034838505,1.0,9.771485786878683,15000,0,False,max_steps,Adjacent transpositions,exact hard gain
AdjacentSwap,10,4,0.0,random_optimization,random_gaussian,generic,2.9614839532127566,1.255033274373048,1.2552463760038357,1.0000000000000002,4.929544519666174,15000,0,False,max_steps,Adjacent transpositions,exact hard gain
AdjacentSwap,10,4,1.0,random_optimization,random_gaussian,generic,6.059226406959756,1.2828412033219796,1.2837832559590363,1.0,5.546199645866946,15000,0,False,max_steps,Adjacent transpositions,exact hard gain
AdjacentSwap,10,4,2.0,random_optimization,random_gaussian,generic,3.1646031036723223,1.250831072144614,1.2526528357451368,1.0,2.7384147778929773,15000,0,False,max_steps,Adjacent transpositions,exact hard gain
AdjacentSwap,10,4,3.0,random_optimization,random_gaussian,generic,5.265568380065021,1.2531392154572412,1.2554284606380752,1.0,3.603577621486658,15000,0,False,max_steps,Adjacent transpositions,exact hard gain
AdjacentSwap,10,4,4.0,random_optimization,random_gaussian,generic,5.768461440390103,1.2612329369114743,1.262377060386923,1.0,4.609965723544413,15000,0,False,max_steps,Adjacent transpositions,exact hard gain
AdjacentSwap,10,4,5.0,random_optimization,random_gaussian,generic,4.304895552500499,1.247963194597117,1.2497878444075832,1.0,3.608184733943318,15000,0,False,max_steps,Adjacent transpositions,exact hard gain
AdjacentSwap,10,4,6.0,random_optimization,random_gaussian,generic,4.233805674722461,1.2674815923156155,1.2683838556848723,1.0,6.578036746717353,15000,0,False,max_steps,Adjacent transpositions,exact hard gain
AdjacentSwap,10,4,7.0,random_optimization,random_gaussian,generic,2.910885291558937,1.2549067642256646,1.256635665971845,1.0,2.953563740757984,15000,0,False,max_steps,Adjacent transpositions,exact hard gain
AdjacentSwap,10,4,8.0,random_optimization,random_gaussian,generic,3.95797821267201,1.264428146949007,1.2649418666976568,1.0,4.394414889713346,15000,0,False,max_steps,Adjacent transpositions,exact hard gain
AdjacentSwap,10,4,9.0,random_optimization,random_gaussian,generic,3.890324894601156,1.2568736139719492,1.2577097955204035,1.0,4.743361031757865,15000,0,False,max_steps,Adjacent transpositions,exact hard gain
AdjacentSwap,10,5,0.0,random_optimization,random_gaussian,generic,2.994755007836544,1.1767158515328584,1.1770649153580524,1.0,2.4903655936257114,15000,0,False,max_steps,Adjacent transpositions,exact hard gain
AdjacentSwap,10,5,1.0,random_optimization,random_gaussian,generic,8.908804133232064,1.2061740076775864,1.2070108485985385,1.0,4.60244299851427,15000,0,False,max_steps,Adjacent transpositions,exact hard gain
AdjacentSwap,10,5,2.0,random_optimization,random_gaussian,generic,3.921273938238848,1.2119180075981435,1.2135550023222548,1.0,3.265349716363733,15000,0,False,max_steps,Adjacent transpositions,exact hard gain
AdjacentSwap,10,5,3.0,random_optimization,random_gaussian,generic,3.8381926605573033,1.1761843472631628,1.1770649153580526,1.0000000000000002,2.521589792734239,15000,0,False,max_steps,Adjacent transpositions,exact hard gain
AdjacentSwap,10,5,4.0,random_optimization,random_gaussian,generic,3.7464849713444863,1.1748998115603653,1.1753248787240005,1.0,2.070293039944198,15000,0,False,max_steps,Adjacent transpositions,exact hard gain
AdjacentSwap,10,5,5.0,random_optimization,random_gaussian,generic,2.617962511939406,1.2313857769599277,1.2327114352165442,1.0,2.4879948127981013,15000,0,False,max_steps,Adjacent transpositions,exact hard gain
AdjacentSwap,10,5,6.0,random_optimization,random_gaussian,generic,2.784900795335324,1.1839619510006798,1.1861602760367964,0.9999999999999998,2.253745794484684,15000,0,False,max_steps,Adjacent transpositions,exact hard gain
AdjacentSwap,10,5,7.0,random_optimization,random_gaussian,generic,3.51785996084394,1.190018429934324,1.1921290587220306,1.0,2.210951088726424,15000,0,False,max_steps,Adjacent transpositions,exact hard gain
AdjacentSwap,10,5,8.0,random_optimization,random_gaussian,generic,2.7903601884468734,1.1764782257048243,1.1770649153580528,1.0,2.532135620910375,15000,0,False,max_steps,Adjacent transpositions,exact hard gain
AdjacentSwap,10,5,9.0,random_optimization,random_gaussian,generic,3.497909013197557,1.17017322608152,1.1702189714538618,1.0,2.337227198617696,15000,0,False,max_steps,Adjacent transpositions,exact hard gain
AdjacentSwap,10,6,0.0,random_optimization,random_gaussian,generic,3.933835599545173,1.144829218272987,1.1460067913055116,1.0,1.5155663289472463,15000,0,False,max_steps,Adjacent transpositions,exact hard gain
AdjacentSwap,10,6,1.0,random_optimization,random_gaussian,generic,2.6401692725052017,1.1351422096830173,1.1351424138635509,0.9999999999999998,2.450814709704647,15000,0,False,max_steps,Adjacent transpositions,exact hard gain
AdjacentSwap,10,6,2.0,random_optimization,random_gaussian,generic,2.639000701570314,1.163844397821312,1.1653159071914092,1.0,1.7656672806522264,15000,0,False,max_steps,Adjacent transpositions,exact hard gain
AdjacentSwap,10,6,3.0,random_optimization,random_gaussian,generic,2.763174086973023,1.1651832544041716,1.1653159071914094,1.0000000000000002,1.7607447102745686,15000,0,False,max_steps,Adjacent transpositions,exact hard gain
AdjacentSwap,10,6,4.0,random_optimization,random_gaussian,generic,3.79353305968936,1.1455043411688,1.1460067913055123,1.0,1.5368105132988017,15000,0,False,max_steps,Adjacent transpositions,exact hard gain
AdjacentSwap,10,6,5.0,random_optimization,random_gaussian,generic,3.622862974992361,1.1463664448430468,1.1472523427584893,1.0000000000000002,2.048221311816575,15000,0,False,max_steps,Adjacent transpositions,exact hard gain
AdjacentSwap,10,6,6.0,random_optimization,random_gaussian,generic,2.0786992839561003,1.1351416765447373,1.1351424138635495,1.0,2.4508253938165416,15000,0,False,max_steps,Adjacent transpositions,exact hard gain
AdjacentSwap,10,6,7.0,random_optimization,random_gaussian,generic,2.7987456978091583,1.1555113651048572,1.1562108804621098,1.0,1.749071407286114,15000,0,False,max_steps,Adjacent transpositions,exact hard gain
AdjacentSwap,10,6,8.0,random_optimization,random_gaussian,generic,2.726844200678024,1.164741091020594,1.16531590719141,1.0000000000000002,1.7658778113055646,15000,0,False,max_steps,Adjacent transpositions,exact hard gain
AdjacentSwap,10,6,9.0,random_optimization,random_gaussian,generic,2.249950379757229,1.1551773952279851,1.1551773943981112,0.9999999999999998,1.810947052689216,15000,0,False,max_steps,Adjacent transpositions,exact hard gain
AdjacentSwap,10,7,0.0,random_optimization,random_gaussian,generic,2.203786625151081,1.0771928268552624,1.0771951081553703,1.0,1.321307968325898,15000,0,False,max_steps,Adjacent transpositions,exact hard gain
AdjacentSwap,10,7,1.0,random_optimization,random_gaussian,generic,2.7709632027042272,1.0928126797414206,1.0929113247687672,1.0000000000000002,1.7740155863669589,15000,0,False,max_steps,Adjacent transpositions,exact hard gain
AdjacentSwap,10,7,2.0,random_optimization,random_gaussian,generic,3.229009439579736,1.0771673142413634,1.0771951081553703,1.0,1.321312397916364,15000,0,False,max_steps,Adjacent transpositions,exact hard gain
AdjacentSwap,10,7,3.0,random_optimization,random_gaussian,generic,2.173265297679798,1.077189404722966,1.0771951081553708,1.0,1.3213510429248507,15000,0,False,max_steps,Adjacent transpositions,exact hard gain
AdjacentSwap,10,7,4.0,random_optimization,random_gaussian,generic,2.323192088770174,1.100742076690424,1.1009191912756446,1.0000000000000002,1.531121425002197,15000,0,False,max_steps,Adjacent transpositions,exact hard gain
AdjacentSwap,10,7,5.0,random_optimization,random_gaussian,generic,2.3077527587944195,1.0771762818072308,1.0771951081553708,1.0,1.3213069753123046,15000,0,False,max_steps,Adjacent transpositions,exact hard gain
AdjacentSwap,10,7,6.0,random_optimization,random_gaussian,generic,2.1481119454160083,1.077180074991268,1.0771951081553703,1.0,1.321290951951648,15000,0,False,max_steps,Adjacent transpositions,exact hard gain
AdjacentSwap,10,7,7.0,random_optimization,random_gaussian,generic,2.9728844715295035,1.0771831324423942,1.07719510815537,1.0,1.3212838114694443,15000,0,False,max_steps,Adjacent transpositions,exact hard gain
AdjacentSwap,10,7,8.0,random_optimization,random_gaussian,generic,2.7597355395648164,1.07717083947679,1.0771951081553697,1.0,1.3212618875364477,15000,0,False,max_steps,Adjacent transpositions,exact hard gain
AdjacentSwap,10,7,9.0,random_optimization,random_gaussian,generic,2.3177203062085003,1.0771787185477415,1.07719510815537,1.0000000000000002,1.321301225257933,15000,0,False,max_steps,Adjacent transpositions,exact hard gain
AdjacentSwap,10,8,0.0,random_optimization,random_gaussian,generic,2.842574975718525,1.0619276290610915,1.0626601008579448,1.0,1.3276835698263174,15000,0,False,max_steps,Adjacent transpositions,exact hard gain
AdjacentSwap,10,8,1.0,random_optimization,random_gaussian,generic,3.8656514288403954,1.0346285016555243,1.0348112951140551,1.0000000000000002,1.2634775164518484,15000,0,False,max_steps,Adjacent transpositions,exact hard gain
AdjacentSwap,10,8,2.0,random_optimization,random_gaussian,generic,2.5604412417437445,1.0346567272578464,1.0348112951140558,1.0,1.2652476832029682,15000,0,False,max_steps,Adjacent transpositions,exact hard gain
AdjacentSwap,10,8,3.0,random_optimization,random_gaussian,generic,2.854741056241074,1.0612051019150557,1.0626601008579446,1.0,1.320630976405168,15000,0,False,max_steps,Adjacent transpositions,exact hard gain
AdjacentSwap,10,8,4.0,random_optimization,random_gaussian,generic,2.241225441583702,1.0340212864859375,1.034811295114056,1.0,1.2735803215015356,15000,0,False,max_steps,Adjacent transpositions,exact hard gain
AdjacentSwap,10,8,5.0,random_optimization,random_gaussian,generic,2.080336057059485,1.0342550400618091,1.0348112951140556,1.0,1.2636646845927146,15000,0,False,max_steps,Adjacent transpositions,exact hard gain
AdjacentSwap,10,8,6.0,random_optimization,random_gaussian,generic,2.9885310092240105,1.0620077847923686,1.0623417227160097,1.0,1.3289425123972112,15000,0,False,max_steps,Adjacent transpositions,exact hard gain
AdjacentSwap,10,8,7.0,random_optimization,random_gaussian,generic,2.2855098777094,1.0617068557489626,1.0626601008579444,1.0,1.3381392038582365,15000,0,False,max_steps,Adjacent transpositions,exact hard gain
AdjacentSwap,10,8,8.0,random_optimization,random_gaussian,generic,2.58627370361238,1.0345931276572526,1.0348112951140558,1.0000000000000002,1.262142789260564,15000,0,False,max_steps,Adjacent transpositions,exact hard gain
AdjacentSwap,10,8,9.0,random_optimization,random_gaussian,generic,4.759234909844126,1.0615049761204924,1.0626601008579446,1.0,1.3062806296203102,15000,0,False,max_steps,Adjacent transpositions,exact hard gain
AdjacentSwap,10,9,0.0,random_optimization,random_gaussian,generic,1.9551778730006832,1.0000000004883716,1.0000000004883716,1.0,1.0000000012152412,401,0,True,gain_one_reached,Adjacent transpositions,exact hard gain
AdjacentSwap,10,9,1.0,random_optimization,random_gaussian,generic,2.559136307505422,1.0000000007472214,1.0000000007472214,1.0,1.0000000051855715,445,0,True,gain_one_reached,Adjacent transpositions,exact hard gain
AdjacentSwap,10,9,2.0,random_optimization,random_gaussian,generic,1.9153007469107248,1.0000000000860023,1.0000000000860023,1.0000000000000002,1.000000000244731,433,0,True,gain_one_reached,Adjacent transpositions,exact hard gain
AdjacentSwap,10,9,3.0,random_optimization,random_gaussian,generic,1.9259583235964173,1.0000000008820822,1.0000000008820822,1.0,1.000000003651761,413,0,True,gain_one_reached,Adjacent transpositions,exact hard gain
AdjacentSwap,10,9,4.0,random_optimization,random_gaussian,generic,2.1867369029411297,1.0000000007016805,1.0000000007016805,1.0,1.0000000021552464,401,0,True,gain_one_reached,Adjacent transpositions,exact hard gain
AdjacentSwap,10,9,5.0,random_optimization,random_gaussian,generic,1.830050413583372,1.000000000333529,1.000000000333529,1.0,1.0000000019881996,433,0,True,gain_one_reached,Adjacent transpositions,exact hard gain
AdjacentSwap,10,9,6.0,random_optimization,random_gaussian,generic,1.8894229066287933,1.0000000007751884,1.0000000007751884,1.0,1.0000000026725435,405,0,True,gain_one_reached,Adjacent transpositions,exact hard gain
AdjacentSwap,10,9,7.0,random_optimization,random_gaussian,generic,2.477860796404558,1.000000000046385,1.000000000046385,1.0,1.0000000001351157,459,0,True,gain_one_reached,Adjacent transpositions,exact hard gain
AdjacentSwap,10,9,8.0,random_optimization,random_gaussian,generic,2.1262581753506384,1.0000000003591845,1.0000000003591845,0.9999999999999998,1.000000000856084,425,0,True,gain_one_reached,Adjacent transpositions,exact hard gain
AdjacentSwap,10,9,9.0,random_optimization,random_gaussian,generic,2.464610193411933,1.0000000009511294,1.0000000009511294,1.0,1.0000000017266586,391,0,True,gain_one_reached,Adjacent transpositions,exact hard gain
AllSwap,10,1,0.0,random_optimization,random_gaussian,generic,17.689545283755834,6.982688336170649,6.982688337072963,1.0,12.858925844720185,15000,0,False,max_steps,Complete transpositions,exact hard gain
AllSwap,10,1,1.0,random_optimization,random_gaussian,generic,54.55549461891758,6.982688337930207,6.982688337072967,1.0,12.85892584803922,15000,0,False,max_steps,Complete transpositions,exact hard gain
AllSwap,10,1,2.0,random_optimization,random_gaussian,generic,55.29170595994867,6.982688337374851,6.9826883370729655,1.0,12.858925829470389,15000,0,False,max_steps,Complete transpositions,exact hard gain
AllSwap,10,1,3.0,random_optimization,random_gaussian,generic,72.62473171217292,6.982688336810055,6.982688337072964,1.0,12.85892586987603,15000,0,False,max_steps,Complete transpositions,exact hard gain
AllSwap,10,1,4.0,random_optimization,random_gaussian,generic,292.21851292402647,6.982688337433875,6.982688337072965,1.0,12.858925839727169,15000,0,False,max_steps,Complete transpositions,exact hard gain
AllSwap,10,1,5.0,random_optimization,random_gaussian,generic,56.98637689998343,6.98268833565285,6.982688337072965,1.0,12.858925854518455,15000,0,False,max_steps,Complete transpositions,exact hard gain
AllSwap,10,1,6.0,random_optimization,random_gaussian,generic,33.176333281374866,6.982688337431814,6.982688337072966,1.0,12.858925846918408,15000,0,False,max_steps,Complete transpositions,exact hard gain
AllSwap,10,1,7.0,random_optimization,random_gaussian,generic,16.36180618813492,6.982688335579082,6.982688337072967,1.0,12.858925837709023,15000,0,False,max_steps,Complete transpositions,exact hard gain
AllSwap,10,1,8.0,random_optimization,random_gaussian,generic,60.54031569279644,6.982688337319911,6.982688337072971,1.0,12.858925843632887,15000,0,False,max_steps,Complete transpositions,exact hard gain
AllSwap,10,1,9.0,random_optimization,random_gaussian,generic,106.50444705049534,6.982688336791169,6.982688337072965,1.0,12.858925841163956,15000,0,False,max_steps,Complete transpositions,exact hard gain
AllSwap,10,2,0.0,random_optimization,random_gaussian,generic,31.22890069817687,2.5595712927948795,2.562725587970108,1.0000000000000002,3.990727094724146,15000,0,False,max_steps,Complete transpositions,exact hard gain
AllSwap,10,2,1.0,random_optimization,random_gaussian,generic,7.926469721291911,2.56079737173063,2.562725587970109,1.0,3.9941359704890735,15000,0,False,max_steps,Complete transpositions,exact hard gain
AllSwap,10,2,2.0,random_optimization,random_gaussian,generic,12.457994696753843,2.560244024656241,2.5627255879701063,1.0,4.008275862316356,15000,0,False,max_steps,Complete transpositions,exact hard gain
AllSwap,10,2,3.0,random_optimization,random_gaussian,generic,20.726993191979712,2.560842687484945,2.5627255879701107,1.0,3.981765074359005,15000,0,False,max_steps,Complete transpositions,exact hard gain
AllSwap,10,2,4.0,random_optimization,random_gaussian,generic,8.882509669767856,2.561598743981223,2.5627255879701103,1.0,3.9868629471743993,15000,0,False,max_steps,Complete transpositions,exact hard gain
AllSwap,10,2,5.0,random_optimization,random_gaussian,generic,63.53118722304482,2.559407307638496,2.5627255879701063,1.0,3.996573214232237,15000,0,False,max_steps,Complete transpositions,exact hard gain
AllSwap,10,2,6.0,random_optimization,random_gaussian,generic,14.951418695698544,2.5608915254886844,2.562725587970106,1.0,3.9756772169551695,15000,0,False,max_steps,Complete transpositions,exact hard gain
AllSwap,10,2,7.0,random_optimization,random_gaussian,generic,6.921495698130017,2.559135586514653,2.5627255879701063,1.0,4.006129949928138,15000,0,False,max_steps,Complete transpositions,exact hard gain
AllSwap,10,2,8.0,random_optimization,random_gaussian,generic,11.21466966661132,2.5590967168439054,2.5627255879701067,1.0000000000000002,4.000226052624069,15000,0,False,max_steps,Complete transpositions,exact hard gain
AllSwap,10,2,9.0,random_optimization,random_gaussian,generic,7.946644390863156,2.560869552211812,2.562725587970109,0.9999999999999998,3.9787605940114728,15000,0,False,max_steps,Complete transpositions,exact hard gain
AllSwap,10,3,0.0,random_optimization,random_gaussian,generic,5.825710829402765,1.7775910066092997,1.7775910058842137,1.0,1.7775910067036838,15000,0,False,max_steps,Complete transpositions,exact hard gain
AllSwap,10,3,1.0,random_optimization,random_gaussian,generic,7.638507024933879,1.8564127690087533,1.8566564335457605,1.0,1.8584688451017093,15000,0,False,max_steps,Complete transpositions,exact hard gain
AllSwap,10,3,2.0,random_optimization,random_gaussian,generic,3.2525128501474247,1.8565324949177675,1.8566564335457647,1.0,1.8581053796564173,15000,0,False,max_steps,Complete transpositions,exact hard gain
AllSwap,10,3,3.0,random_optimization,random_gaussian,generic,8.038127857129655,1.8626001041483653,1.8626001040149736,1.0,1.862600104227024,15000,0,False,max_steps,Complete transpositions,exact hard gain
AllSwap,10,3,4.0,random_optimization,random_gaussian,generic,4.197521061546961,1.8626001047840843,1.862600104014973,1.0000000000000002,1.8626001061600432,15000,0,False,max_steps,Complete transpositions,exact hard gain
AllSwap,10,3,5.0,random_optimization,random_gaussian,generic,5.780192461450904,1.856565173580211,1.856656433545768,1.0,1.857651982513,15000,0,False,max_steps,Complete transpositions,exact hard gain
AllSwap,10,3,6.0,random_optimization,random_gaussian,generic,4.162082510446312,1.8564110704670984,1.8566564335457656,1.0,1.8579900097603443,15000,0,False,max_steps,Complete transpositions,exact hard gain
AllSwap,10,3,7.0,random_optimization,random_gaussian,generic,4.343146889028214,1.7775910068244007,1.777591005884217,0.9999999999999998,1.7775910072040468,15000,0,False,max_steps,Complete transpositions,exact hard gain
AllSwap,10,3,8.0,random_optimization,random_gaussian,generic,9.104402156086984,1.856442476078896,1.85665643354576,1.0000000000000002,1.8596878220506643,15000,0,False,max_steps,Complete transpositions,exact hard gain
AllSwap,10,3,9.0,random_optimization,random_gaussian,generic,3.4966699435789743,1.862600104190496,1.862600104014971,0.9999999999999998,1.862600104361729,15000,0,False,max_steps,Complete transpositions,exact hard gain
AllSwap,10,4,0.0,random_optimization,random_gaussian,generic,3.6329327199217696,1.4142135627558023,1.4142135623731,1.0,1.414213562812776,15000,0,False,max_steps,Complete transpositions,exact hard gain
AllSwap,10,4,1.0,random_optimization,random_gaussian,generic,7.00831527053122,1.4142135624344132,1.4142135623731005,1.0,1.4142135624496346,15000,0,False,max_steps,Complete transpositions,exact hard gain
AllSwap,10,4,2.0,random_optimization,random_gaussian,generic,3.667923182527408,1.4142135624704135,1.4142135623731005,1.0,1.4142135624704135,15000,0,False,max_steps,Complete transpositions,exact hard gain
AllSwap,10,4,3.0,random_optimization,random_gaussian,generic,5.265568380065021,1.4142135630929036,1.4142135623730987,1.0,1.4142135631437558,15000,0,False,max_steps,Complete transpositions,exact hard gain
AllSwap,10,4,4.0,random_optimization,random_gaussian,generic,6.046777562065467,1.414213562747287,1.4142135623730991,1.0000000000000002,1.4142135627472872,15000,0,False,max_steps,Complete transpositions,exact hard gain
AllSwap,10,4,5.0,random_optimization,random_gaussian,generic,5.494245522609129,1.4142135628483568,1.414213562373098,0.9999999999999998,1.4142135628483563,15000,0,False,max_steps,Complete transpositions,exact hard gain
AllSwap,10,4,6.0,random_optimization,random_gaussian,generic,5.005538658228632,1.4142135625100494,1.4142135623730985,1.0,1.4142135625205503,15000,0,False,max_steps,Complete transpositions,exact hard gain
AllSwap,10,4,7.0,random_optimization,random_gaussian,generic,3.225051267826885,1.414213563123181,1.4142135623730994,0.9999999999999998,1.4142135631450383,15000,0,False,max_steps,Complete transpositions,exact hard gain
AllSwap,10,4,8.0,random_optimization,random_gaussian,generic,3.95797821267201,1.414213563167545,1.4142135623730991,1.0,1.4142135632002395,15000,0,False,max_steps,Complete transpositions,exact hard gain
AllSwap,10,4,9.0,random_optimization,random_gaussian,generic,4.510093083422452,1.4142135631557609,1.4142135623731005,1.0,1.4142135632262105,15000,0,False,max_steps,Complete transpositions,exact hard gain
AllSwap,10,5,0.0,random_optimization,random_gaussian,generic,3.3710498810591605,1.4142135631220292,1.4142135623730994,1.0,1.414213563167711,15000,0,False,max_steps,Complete transpositions,exact hard gain
AllSwap,10,5,1.0,random_optimization,random_gaussian,generic,9.15131692690348,1.414213562888175,1.4142135623731005,1.0,1.414213562888175,15000,0,False,max_steps,Complete transpositions,exact hard gain
AllSwap,10,5,2.0,random_optimization,random_gaussian,generic,3.921570426914493,1.414213562463435,1.4142135623730991,1.0,1.4142135624673515,15000,0,False,max_steps,Complete transpositions,exact hard gain
AllSwap,10,5,3.0,random_optimization,random_gaussian,generic,4.000538198131255,1.4142135632109445,1.4142135623731018,1.0,1.414213563230542,15000,0,False,max_steps,Complete transpositions,exact hard gain
AllSwap,10,5,4.0,random_optimization,random_gaussian,generic,4.24691476732763,1.414213563035396,1.4142135623731007,1.0,1.4142135630655024,15000,0,False,max_steps,Complete transpositions,exact hard gain
AllSwap,10,5,5.0,random_optimization,random_gaussian,generic,2.680822681294104,1.4142135631144308,1.4142135623731014,1.0,1.4142135631144308,15000,0,False,max_steps,Complete transpositions,exact hard gain
AllSwap,10,5,6.0,random_optimization,random_gaussian,generic,3.142285315026507,1.414213562787471,1.4142135623730998,1.0,1.4142135627903183,15000,0,False,max_steps,Complete transpositions,exact hard gain
AllSwap,10,5,7.0,random_optimization,random_gaussian,generic,4.845179300634678,1.4142135630108283,1.4142135623731016,1.0,1.41421356306084,15000,0,False,max_steps,Complete transpositions,exact hard gain
AllSwap,10,5,8.0,random_optimization,random_gaussian,generic,3.149501063524914,1.414213562449384,1.4142135623730994,1.0,1.414213562449384,15000,0,False,max_steps,Complete transpositions,exact hard gain
AllSwap,10,5,9.0,random_optimization,random_gaussian,generic,3.5929339145779884,1.414213562836208,1.4142135623731014,1.0000000000000002,1.4142135628372952,15000,0,False,max_steps,Complete transpositions,exact hard gain
AllSwap,10,6,0.0,random_optimization,random_gaussian,generic,4.365261218753036,1.306113309391573,1.3064325780751005,1.0000000000000002,1.306113309391573,15000,0,False,max_steps,Complete transpositions,exact hard gain
AllSwap,10,6,1.0,random_optimization,random_gaussian,generic,2.6401692725052017,1.306227656975483,1.3064325780751012,0.9999999999999998,1.3062276569754827,15000,0,False,max_steps,Complete transpositions,exact hard gain
AllSwap,10,6,2.0,random_optimization,random_gaussian,generic,2.92830409435519,1.305857171244884,1.3064325780751027,1.0000000000000002,1.3058571712448843,15000,0,False,max_steps,Complete transpositions,exact hard gain
AllSwap,10,6,3.0,random_optimization,random_gaussian,generic,3.6039124170303616,1.3061814603546016,1.3064325780751005,1.0000000000000002,1.3061814603546018,15000,0,False,max_steps,Complete transpositions,exact hard gain
AllSwap,10,6,4.0,random_optimization,random_gaussian,generic,4.359588835920916,1.3060139439936955,1.3064325780751012,1.0000000000000002,1.306013943993696,15000,0,False,max_steps,Complete transpositions,exact hard gain
AllSwap,10,6,5.0,random_optimization,random_gaussian,generic,4.399662083317318,1.3063764684183443,1.306432578075102,1.0,1.3063764684183443,15000,0,False,max_steps,Complete transpositions,exact hard gain
AllSwap,10,6,6.0,random_optimization,random_gaussian,generic,2.636483756527463,1.3059109488981566,1.3064325780751016,1.0000000000000002,1.3059109488981568,15000,0,False,max_steps,Complete transpositions,exact hard gain
AllSwap,10,6,7.0,random_optimization,random_gaussian,generic,2.893132015657143,1.3064083587834912,1.3064325780751014,1.0,1.3064083587834912,15000,0,False,max_steps,Complete transpositions,exact hard gain
AllSwap,10,6,8.0,random_optimization,random_gaussian,generic,4.333554598037311,1.3054679094775732,1.3064325780751016,0.9999999999999998,1.3065398884923018,15000,0,False,max_steps,Complete transpositions,exact hard gain
AllSwap,10,6,9.0,random_optimization,random_gaussian,generic,2.472451854294514,1.3058475696057357,1.3064325780751007,1.0,1.3058475696057357,15000,0,False,max_steps,Complete transpositions,exact hard gain
AllSwap,10,7,0.0,random_optimization,random_gaussian,generic,2.334006578950481,1.2152213090091686,1.2154709326330075,1.0,1.2162005637905604,15000,0,False,max_steps,Complete transpositions,exact hard gain
AllSwap,10,7,1.0,random_optimization,random_gaussian,generic,2.770963202704228,1.2143677058862263,1.215470932633008,1.0000000000000002,1.2143677058862266,15000,0,False,max_steps,Complete transpositions,exact hard gain
AllSwap,10,7,2.0,random_optimization,random_gaussian,generic,3.356490294157579,1.2152554598633394,1.215470932633009,1.0000000000000002,1.2154587432153976,15000,0,False,max_steps,Complete transpositions,exact hard gain
AllSwap,10,7,3.0,random_optimization,random_gaussian,generic,2.8612388691613315,1.2155573583919068,1.2156026615000086,1.0,1.2157979379302908,15000,0,False,max_steps,Complete transpositions,exact hard gain
AllSwap,10,7,4.0,random_optimization,random_gaussian,generic,2.643604717035634,1.214434361164892,1.215470932633007,1.0,1.2147972260169042,15000,0,False,max_steps,Complete transpositions,exact hard gain
AllSwap,10,7,5.0,random_optimization,random_gaussian,generic,2.343846637909037,1.2123555047268972,1.2123569559658425,1.0,1.2141365664999428,15000,0,False,max_steps,Complete transpositions,exact hard gain
AllSwap,10,7,6.0,random_optimization,random_gaussian,generic,2.148111945416008,1.215152689463848,1.2154709326330075,1.0000000000000002,1.2151526894638482,15000,0,False,max_steps,Complete transpositions,exact hard gain
AllSwap,10,7,7.0,random_optimization,random_gaussian,generic,3.148687848549087,1.214909134621167,1.2154709326330086,1.0,1.214909134621167,15000,0,False,max_steps,Complete transpositions,exact hard gain
AllSwap,10,7,8.0,random_optimization,random_gaussian,generic,2.8211870596263555,1.2143153701415257,1.2154709326330102,1.0000000000000002,1.21504647025621,15000,0,False,max_steps,Complete transpositions,exact hard gain
AllSwap,10,7,9.0,random_optimization,random_gaussian,generic,2.3177203062085003,1.2144264861778051,1.215470932633008,1.0,1.2145958451956222,15000,0,False,max_steps,Complete transpositions,exact hard gain
AllSwap,10,8,0.0,random_optimization,random_gaussian,generic,2.842574975718525,1.1180339891444109,1.1180339887498965,1.0,1.1180339891583575,15000,0,False,max_steps,Complete transpositions,exact hard gain
AllSwap,10,8,1.0,random_optimization,random_gaussian,generic,4.561288715784192,1.118033989645926,1.118033988749897,1.0,1.1180339896459257,15000,0,False,max_steps,Complete transpositions,exact hard gain
AllSwap,10,8,2.0,random_optimization,random_gaussian,generic,2.5604412417437445,1.1180339890537978,1.118033988749897,1.0,1.1180339890537976,15000,0,False,max_steps,Complete transpositions,exact hard gain
AllSwap,10,8,3.0,random_optimization,random_gaussian,generic,2.923477539028347,1.1180339894114972,1.1180339887498965,1.0,1.1180339894114972,15000,0,False,max_steps,Complete transpositions,exact hard gain
AllSwap,10,8,4.0,random_optimization,random_gaussian,generic,2.2412254415837016,1.118033988995306,1.118033988749897,1.0,1.1180339889953057,15000,0,False,max_steps,Complete transpositions,exact hard gain
AllSwap,10,8,5.0,random_optimization,random_gaussian,generic,2.29932603430966,1.1180339892888846,1.1180339887498965,1.0,1.1180339892888846,15000,0,False,max_steps,Complete transpositions,exact hard gain
AllSwap,10,8,6.0,random_optimization,random_gaussian,generic,2.9885310092240105,1.1180339889785944,1.1180339887498971,1.0,1.1180339889806234,15000,0,False,max_steps,Complete transpositions,exact hard gain
AllSwap,10,8,7.0,random_optimization,random_gaussian,generic,2.2879009532633066,1.1180339896825913,1.118033988749896,0.9999999999999998,1.118033989682591,15000,0,False,max_steps,Complete transpositions,exact hard gain
AllSwap,10,8,8.0,random_optimization,random_gaussian,generic,2.7173665087395227,1.118033989692376,1.118033988749897,1.0,1.118033989692376,15000,0,False,max_steps,Complete transpositions,exact hard gain
AllSwap,10,8,9.0,random_optimization,random_gaussian,generic,5.197798302893495,1.118033988760761,1.1180339887498965,1.0,1.118033988760761,15000,0,False,max_steps,Complete transpositions,exact hard gain
AllSwap,10,9,0.0,random_optimization,random_gaussian,generic,2.7057090473745458,1.0000000002994354,1.0000000002994354,1.0,1.0000000003265803,414,0,True,gain_one_reached,Complete transpositions,exact hard gain
AllSwap,10,9,1.0,random_optimization,random_gaussian,generic,2.6499047502128,1.000000000192429,1.000000000192429,1.0,1.000000000200757,422,0,True,gain_one_reached,Complete transpositions,exact hard gain
AllSwap,10,9,2.0,random_optimization,random_gaussian,generic,2.122548059711208,1.0000000000558782,1.0000000000558782,1.0,1.000000000055878,442,0,True,gain_one_reached,Complete transpositions,exact hard gain
AllSwap,10,9,3.0,random_optimization,random_gaussian,generic,2.103298763388856,1.0000000002712792,1.0000000002712792,1.0,1.000000000271279,416,0,True,gain_one_reached,Complete transpositions,exact hard gain
AllSwap,10,9,4.0,random_optimization,random_gaussian,generic,2.248974005785024,1.0000000003137723,1.0000000003137723,1.0,1.0000000003312324,408,0,True,gain_one_reached,Complete transpositions,exact hard gain
AllSwap,10,9,5.0,random_optimization,random_gaussian,generic,2.237637237577289,1.0000000000525289,1.0000000000525289,1.0,1.0000000000649976,451,0,True,gain_one_reached,Complete transpositions,exact hard gain
AllSwap,10,9,6.0,random_optimization,random_gaussian,generic,2.0194594807129405,1.0000000001459517,1.0000000001459517,1.0,1.0000000001459513,433,0,True,gain_one_reached,Complete transpositions,exact hard gain
AllSwap,10,9,7.0,random_optimization,random_gaussian,generic,2.620341083375524,1.0000000006635124,1.0000000006635124,1.0000000000000002,1.000000000670595,417,0,True,gain_one_reached,Complete transpositions,exact hard gain
AllSwap,10,9,8.0,random_optimization,random_gaussian,generic,2.52321877326652,1.0000000008872585,1.0000000008872585,1.0,1.000000000916724,405,0,True,gain_one_reached,Complete transpositions,exact hard gain
AllSwap,10,9,9.0,random_optimization,random_gaussian,generic,2.8088216868965947,1.0000000000935427,1.0000000000935427,0.9999999999999998,1.0000000001016685,437,0,True,gain_one_reached,Complete transpositions,exact hard gain
Cycle,4,2,,analytic_construction,regular_polygon,none,1.0000000000000002,1.0000000000000002,1.0000000000000002,1.0,1.4142135623730951,0,0,True,analytic_evaluation,Cycle,exact hard gain
Cycle,4,3,,analytic_construction,regular_polygon,none,1.0000000000000002,1.0000000000000002,1.0000000000000002,1.0,1.4142135623730951,0,0,True,analytic_evaluation,Cycle,exact hard gain
AdjacentSwap,4,3,,analytic_construction,regular_simplex,none,1.0000000000000009,1.0000000000000009,1.0000000000000009,1.0000000000000002,1.0000000000000009,0,0,True,analytic_evaluation,Adjacent transpositions,exact hard gain
AllSwap,4,1,,analytic_construction,grid,none,3.0,3.0,3.0,1.0,3.0,0,0,False,analytic_evaluation,Complete transpositions,exact hard gain
AllSwap,4,2,,analytic_construction,grid,none,1.4142135623730951,1.4142135623730951,1.4142135623730951,1.0,1.4142135623730951,0,0,False,analytic_evaluation,Complete transpositions,exact hard gain
AllSwap,4,3,,analytic_construction,regular_simplex,none,1.0000000000000004,1.0000000000000004,1.0000000000000004,1.0000000000000002,1.0000000000000009,0,0,True,analytic_evaluation,Complete transpositions,exact hard gain
AllSwap,4,3,,analytic_construction,grid,none,1.4142135623730951,1.4142135623730951,1.4142135623730951,1.0,1.4142135623730951,0,0,False,analytic_evaluation,Complete transpositions,exact hard gain
Cycle,6,2,,analytic_construction,regular_polygon,none,1.0000000000000009,1.0000000000000009,1.0000000000000009,1.0,2.000000000000001,0,0,True,analytic_evaluation,Cycle,exact hard gain
Cycle,6,3,,analytic_construction,regular_polygon,none,1.0000000000000009,1.0000000000000009,1.0000000000000009,1.0,2.000000000000001,0,0,True,analytic_evaluation,Cycle,exact hard gain
Cycle,6,4,,analytic_construction,regular_polygon,none,1.0000000000000009,1.0000000000000009,1.0000000000000009,1.0,2.000000000000001,0,0,True,analytic_evaluation,Cycle,exact hard gain
Cycle,6,5,,analytic_construction,regular_polygon,none,1.0000000000000009,1.0000000000000009,1.0000000000000009,1.0,2.000000000000001,0,0,True,analytic_evaluation,Cycle,exact hard gain
AdjacentSwap,6,5,,analytic_construction,regular_simplex,none,1.0000000000000009,1.0000000000000009,1.0000000000000009,1.0,1.000000000000001,0,0,True,analytic_evaluation,Adjacent transpositions,exact hard gain
AllSwap,6,1,,analytic_construction,grid,none,5.0,5.0,5.0,1.0,5.0,0,0,False,analytic_evaluation,Complete transpositions,exact hard gain
AllSwap,6,2,,analytic_construction,grid,none,2.23606797749979,2.23606797749979,2.23606797749979,1.0,2.23606797749979,0,0,False,analytic_evaluation,Complete transpositions,exact hard gain
AllSwap,6,3,,analytic_construction,grid,none,1.7320508075688772,1.7320508075688772,1.7320508075688772,1.0,1.7320508075688772,0,0,False,analytic_evaluation,Complete transpositions,exact hard gain
AllSwap,6,4,,analytic_construction,grid,none,1.7320508075688772,1.7320508075688772,1.7320508075688772,1.0,1.7320508075688772,0,0,False,analytic_evaluation,Complete transpositions,exact hard gain
AllSwap,6,5,,analytic_construction,regular_simplex,none,1.0000000000000009,1.0000000000000009,1.0000000000000009,1.0,1.000000000000001,0,0,True,analytic_evaluation,Complete transpositions,exact hard gain
AllSwap,6,5,,analytic_construction,grid,none,1.7320508075688772,1.7320508075688772,1.7320508075688772,1.0,1.7320508075688772,0,0,False,analytic_evaluation,Complete transpositions,exact hard gain
Cycle,8,2,,analytic_construction,regular_polygon,none,1.0000000000000004,1.0000000000000004,1.0000000000000004,1.0,2.613125929752753,0,0,True,analytic_evaluation,Cycle,exact hard gain
Cycle,8,3,,analytic_construction,regular_polygon,none,1.0000000000000004,1.0000000000000004,1.0000000000000004,1.0,2.613125929752753,0,0,True,analytic_evaluation,Cycle,exact hard gain
Cycle,8,4,,analytic_construction,regular_polygon,none,1.0000000000000004,1.0000000000000004,1.0000000000000004,1.0,2.613125929752753,0,0,True,analytic_evaluation,Cycle,exact hard gain
Cycle,8,5,,analytic_construction,regular_polygon,none,1.0000000000000004,1.0000000000000004,1.0000000000000004,1.0,2.613125929752753,0,0,True,analytic_evaluation,Cycle,exact hard gain
Cycle,8,6,,analytic_construction,regular_polygon,none,1.0000000000000004,1.0000000000000004,1.0000000000000004,1.0,2.613125929752753,0,0,True,analytic_evaluation,Cycle,exact hard gain
Cycle,8,7,,analytic_construction,regular_polygon,none,1.0000000000000004,1.0000000000000004,1.0000000000000004,1.0,2.613125929752753,0,0,True,analytic_evaluation,Cycle,exact hard gain
AdjacentSwap,8,7,,analytic_construction,regular_simplex,none,1.0000000000000009,1.0000000000000009,1.0000000000000009,1.0,1.000000000000001,0,0,True,analytic_evaluation,Adjacent transpositions,exact hard gain
AllSwap,8,1,,analytic_construction,grid,none,7.0,7.0,7.0,1.0,7.0,0,0,False,analytic_evaluation,Complete transpositions,exact hard gain
AllSwap,8,2,,analytic_construction,grid,none,2.8284271247461903,2.8284271247461903,2.8284271247461903,1.0,2.8284271247461903,0,0,False,analytic_evaluation,Complete transpositions,exact hard gain
AllSwap,8,3,,analytic_construction,grid,none,1.7320508075688772,1.7320508075688772,1.7320508075688772,1.0,1.7320508075688772,0,0,False,analytic_evaluation,Complete transpositions,exact hard gain
AllSwap,8,4,,analytic_construction,grid,none,1.7320508075688772,1.7320508075688772,1.7320508075688772,1.0,1.7320508075688772,0,0,False,analytic_evaluation,Complete transpositions,exact hard gain
AllSwap,8,5,,analytic_construction,grid,none,1.7320508075688772,1.7320508075688772,1.7320508075688772,1.0,1.7320508075688772,0,0,False,analytic_evaluation,Complete transpositions,exact hard gain
AllSwap,8,6,,analytic_construction,grid,none,1.7320508075688772,1.7320508075688772,1.7320508075688772,1.0,1.7320508075688772,0,0,False,analytic_evaluation,Complete transpositions,exact hard gain
AllSwap,8,7,,analytic_construction,regular_simplex,none,1.000000000000001,1.000000000000001,1.000000000000001,1.0,1.000000000000001,0,0,True,analytic_evaluation,Complete transpositions,exact hard gain
AllSwap,8,7,,analytic_construction,grid,none,1.7320508075688772,1.7320508075688772,1.7320508075688772,1.0,1.7320508075688772,0,0,False,analytic_evaluation,Complete transpositions,exact hard gain
Cycle,10,2,,analytic_construction,regular_polygon,none,1.0000000000000004,1.0000000000000004,1.0000000000000004,1.0,3.2360679774997902,0,0,True,analytic_evaluation,Cycle,exact hard gain
Cycle,10,3,,analytic_construction,regular_polygon,none,1.0000000000000004,1.0000000000000004,1.0000000000000004,1.0,3.2360679774997902,0,0,True,analytic_evaluation,Cycle,exact hard gain
Cycle,10,4,,analytic_construction,regular_polygon,none,1.0000000000000004,1.0000000000000004,1.0000000000000004,1.0,3.2360679774997902,0,0,True,analytic_evaluation,Cycle,exact hard gain
Cycle,10,5,,analytic_construction,regular_polygon,none,1.0000000000000004,1.0000000000000004,1.0000000000000004,1.0,3.2360679774997902,0,0,True,analytic_evaluation,Cycle,exact hard gain
Cycle,10,6,,analytic_construction,regular_polygon,none,1.0000000000000004,1.0000000000000004,1.0000000000000004,1.0,3.2360679774997902,0,0,True,analytic_evaluation,Cycle,exact hard gain
Cycle,10,7,,analytic_construction,regular_polygon,none,1.0000000000000004,1.0000000000000004,1.0000000000000004,1.0,3.2360679774997902,0,0,True,analytic_evaluation,Cycle,exact hard gain
Cycle,10,8,,analytic_construction,regular_polygon,none,1.0000000000000004,1.0000000000000004,1.0000000000000004,1.0,3.2360679774997902,0,0,True,analytic_evaluation,Cycle,exact hard gain
Cycle,10,9,,analytic_construction,regular_polygon,none,1.0000000000000004,1.0000000000000004,1.0000000000000004,1.0,3.2360679774997902,0,0,True,analytic_evaluation,Cycle,exact hard gain
AdjacentSwap,10,9,,analytic_construction,regular_simplex,none,1.0000000000000009,1.0000000000000009,1.0000000000000009,1.0,1.000000000000001,0,0,True,analytic_evaluation,Adjacent transpositions,exact hard gain
AllSwap,10,1,,analytic_construction,grid,none,9.0,9.0,9.0,1.0,9.0,0,0,False,analytic_evaluation,Complete transpositions,exact hard gain
AllSwap,10,2,,analytic_construction,grid,none,3.605551275463989,3.605551275463989,3.605551275463989,1.0,3.605551275463989,0,0,False,analytic_evaluation,Complete transpositions,exact hard gain
AllSwap,10,3,,analytic_construction,grid,none,3.0,3.0,3.0,1.0,3.0,0,0,False,analytic_evaluation,Complete transpositions,exact hard gain
AllSwap,10,4,,analytic_construction,grid,none,2.0,2.0,2.0,1.0,2.0,0,0,False,analytic_evaluation,Complete transpositions,exact hard gain
AllSwap,10,5,,analytic_construction,grid,none,2.0,2.0,2.0,1.0,2.0,0,0,False,analytic_evaluation,Complete transpositions,exact hard gain
AllSwap,10,6,,analytic_construction,grid,none,2.0,2.0,2.0,1.0,2.0,0,0,False,analytic_evaluation,Complete transpositions,exact hard gain
AllSwap,10,7,,analytic_construction,grid,none,2.0,2.0,2.0,1.0,2.0,0,0,False,analytic_evaluation,Complete transpositions,exact hard gain
AllSwap,10,8,,analytic_construction,grid,none,2.0,2.0,2.0,1.0,2.0,0,0,False,analytic_evaluation,Complete transpositions,exact hard gain
AllSwap,10,9,,analytic_construction,regular_simplex,none,1.000000000000001,1.000000000000001,1.000000000000001,1.0,1.000000000000001,0,0,True,analytic_evaluation,Complete transpositions,exact hard gain
AllSwap,10,9,,analytic_construction,grid,none,2.0,2.0,2.0,1.0,2.0,0,0,False,analytic_evaluation,Complete transpositions,exact hard gain
